TICKER,Company Name,Available,Date,Doc Grp,Info,Prim. Ticker,Second. Ticker,RI,Title,Pages,Price,Contributor,Analyst,Estimate Rating,Recommendation Rating,Country,Industry,Relevance,DCN,PrimaryTicker,SecondaryTicker,Match_Ticker,GenderAnalyst,year,quarter,PERMNO,gsector,ggroup,industry,quarter_year,TICKER_Comp
ACN,ASX Ltd,1,1,1,1,1,1,1,1,1,1,1,1,1,1,1,1,0,1,1,1,1,1,1,1,0,0,0,0,1,1
ACN,AUB Group Ltd,1,1,1,1,1,1,1,1,1,1,1,1,1,1,1,1,0,1,1,1,1,1,1,1,0,0,0,0,1,1
ACN,Accenture PLC,227,227,227,227,225,18,221,227,227,227,227,208,149,135,226,227,0,227,227,227,227,208,227,227,0,0,0,0,227,227
ACN,Asia Equity Exchange Group Inc,1,1,1,1,1,1,1,1,1,1,1,1,1,1,1,1,0,1,1,1,1,1,1,1,0,0,0,0,1,1
ACN,Atos SE,1,1,1,1,1,1,1,1,1,1,1,1,0,1,1,1,0,1,1,1,1,1,1,1,0,0,0,0,1,1
ACN,Automatic Data Processing Inc,2,2,2,2,2,2,2,2,2,2,2,2,2,2,2,2,0,2,2,2,2,2,2,2,0,0,0,0,2,2
ACN,Avast PLC,1,1,1,1,1,1,1,1,1,1,1,1,1,1,1,1,0,1,1,1,1,1,1,1,0,0,0,0,1,1
ACN,BASF SE,1,1,1,1,1,1,1,1,1,1,1,0,0,0,1,1,0,1,1,1,1,0,1,1,0,0,0,0,1,1
ACN,CGI Inc,1,1,1,1,1,1,1,1,1,1,1,1,1,1,1,1,0,1,1,1,1,1,1,1,0,0,0,0,1,1
ACN,CSRA Inc,1,1,1,1,1,1,1,1,1,1,1,1,0,0,1,1,0,1,1,1,1,1,1,1,0,0,0,0,1,1
ACN,California Resources Corp,1,1,1,1,1,1,1,1,1,1,1,0,0,0,1,1,0,1,1,1,1,0,1,1,0,0,0,0,1,1
ACN,Capgemini SE,12,12,12,12,12,12,12,12,12,12,12,12,12,12,12,12,0,12,12,12,12,12,12,12,0,0,0,0,12,12
ACN,Capita PLC,1,1,1,1,1,1,1,1,1,1,1,1,1,1,1,1,0,1,1,1,1,1,1,1,0,0,0,0,1,1
ACN,Cognizant Technology Solutions Corp,15,15,15,15,15,15,15,15,15,15,15,14,14,14,15,15,0,15,15,15,15,14,15,15,0,0,0,0,15,15
ACN,Conduent Inc,2,2,2,2,2,2,2,2,2,2,2,2,2,2,2,2,0,2,2,2,2,2,2,2,0,0,0,0,2,2
ACN,Converge Technology Solutions Corp,1,1,1,1,1,1,1,1,1,1,1,1,1,1,1,1,0,1,1,1,1,1,1,1,0,0,0,0,1,1
ACN,ConvergeOne Holdings Inc,2,2,2,2,2,2,2,2,2,2,2,2,2,2,2,2,0,2,2,2,2,2,2,2,0,0,0,0,2,2
ACN,DXC Technology Co,3,3,3,3,3,3,3,3,3,3,3,3,3,3,3,3,0,3,3,3,3,3,3,3,0,0,0,0,3,3
ACN,Datametrex AI Ltd,1,1,1,1,1,1,1,1,1,1,1,1,1,1,1,1,0,1,1,1,1,1,1,1,0,0,0,0,1,1
ACN,Endava PLC,5,5,5,5,5,5,5,5,5,5,5,5,5,5,5,5,0,5,5,5,5,5,5,5,0,0,0,0,5,5
ACN,Epam Systems Inc,3,3,3,3,3,3,3,3,3,3,3,3,2,2,3,3,0,3,3,3,3,3,3,3,0,0,0,0,3,3
ACN,Fiverr International Ltd,1,1,1,1,1,1,1,1,1,1,1,0,0,0,1,1,0,1,1,1,1,0,1,1,0,0,0,0,1,1
ACN,Genpact Ltd,1,1,1,1,1,1,1,1,1,1,1,1,1,1,1,1,0,1,1,1,1,1,1,1,0,0,0,0,1,1
ACN,Globant SA,3,3,3,3,3,3,3,3,3,3,3,3,3,3,3,3,0,3,3,3,3,3,3,3,0,0,0,0,3,3
ACN,Grid Dynamics Holdings Inc,2,2,2,2,2,2,2,2,2,2,2,1,1,1,2,2,0,2,2,2,2,1,2,2,0,0,0,0,2,2
ACN,Indra Sistemas SA,2,2,2,2,2,2,2,2,2,2,2,2,2,2,2,2,0,2,2,2,2,2,2,2,0,0,0,0,2,2
ACN,Infosys Ltd,2,2,2,2,2,2,2,2,2,2,2,2,2,2,2,2,0,2,2,2,2,2,2,2,0,0,0,0,2,2
ACN,International Business Machines Corp,1,1,1,1,1,1,1,1,1,1,1,1,1,1,1,1,0,1,1,1,1,1,1,1,0,0,0,0,1,1
ACN,Larsen & Toubro Infotech Ltd,1,1,1,1,1,1,1,1,1,1,1,1,0,0,1,1,0,1,1,1,1,1,1,1,0,0,0,0,1,1
ACN,Medallia Inc,2,2,2,2,2,2,2,2,2,2,2,2,2,2,2,2,0,2,2,2,2,2,2,2,0,0,0,0,2,2
ACN,Nexi SpA,1,1,1,1,1,1,1,1,1,1,1,1,1,1,1,1,0,1,1,1,1,1,1,1,0,0,0,0,1,1
ACN,Pivotal Software Inc,1,1,1,1,1,1,1,1,1,1,1,1,1,1,1,1,0,1,1,1,1,1,1,1,0,0,0,0,1,1
ACN,Pluralsight Inc,1,1,1,1,1,1,1,1,1,1,1,1,1,1,1,1,0,1,1,1,1,1,1,1,0,0,0,0,1,1
ACN,SAP SE,1,1,1,1,1,1,1,1,1,1,1,1,1,1,1,1,0,1,1,1,1,1,1,1,0,0,0,0,1,1
ACN,Sapiens International Corporation NV,1,1,1,1,1,1,1,1,1,1,1,1,1,1,1,1,0,1,1,1,1,1,1,1,0,0,0,0,1,1
ACN,Softcat PLC,3,3,3,3,3,3,3,3,3,3,3,3,3,3,3,3,0,3,3,3,3,3,3,3,0,0,0,0,3,3
ACN,Softwareone Holding AG,1,1,1,1,1,1,1,1,1,1,1,1,0,1,1,1,0,1,1,1,1,1,1,1,0,0,0,0,1,1
ACN,SolarWinds Corp,1,1,1,1,1,1,1,1,1,1,1,1,1,1,1,1,0,1,1,1,1,1,1,1,0,0,0,0,1,1
ACN,Sophos Group Ltd,1,1,1,1,1,1,1,1,1,1,1,1,1,1,1,1,0,1,1,1,1,1,1,1,0,0,0,0,1,1
ACN,Tech Mahindra Ltd,1,1,1,1,1,1,1,1,1,1,1,1,1,1,1,1,0,1,1,1,1,1,1,1,0,0,0,0,1,1
ACN,Temenos AG,2,2,2,2,2,2,2,2,2,2,2,2,2,2,2,2,0,2,2,2,2,2,2,2,0,0,0,0,2,2
ACN,Virtusa Corp,1,1,1,1,1,1,1,1,1,1,1,1,1,1,1,1,0,1,1,1,1,1,1,1,0,0,0,0,1,1
ACN,WNS (Holdings) Ltd,2,2,2,2,2,2,2,2,2,2,2,2,0,0,2,2,0,2,2,2,2,2,2,2,0,0,0,0,2,2
ACN,Wendys Co,1,1,1,1,1,1,1,1,1,1,1,1,0,0,1,1,0,1,1,1,1,1,1,1,0,0,0,0,1,1
ACN,WidePoint Corp,1,1,1,1,1,1,1,1,1,1,1,1,1,1,1,1,0,1,1,1,1,1,1,1,0,0,0,0,1,1
ACN,Willdan Group Inc,1,1,1,1,1,1,1,1,1,1,1,1,1,1,1,1,0,1,1,1,1,1,1,1,0,0,0,0,1,1
AIV,Agree Realty Corp,1,1,1,1,1,1,1,1,1,1,1,1,1,1,1,1,0,1,1,1,1,1,1,1,0,0,0,0,1,1
AIV,Apartment Investment and Management Co,126,126,126,126,126,25,105,126,126,126,126,123,54,54,126,126,0,126,126,126,126,123,126,126,0,0,0,0,126,126
AIV,BRT Apartments Corp,1,1,1,1,1,1,1,1,1,1,1,1,1,1,1,1,0,1,1,1,1,1,1,1,0,0,0,0,1,1
AIV,Digital Realty Trust Inc,1,1,1,1,1,1,1,1,1,1,1,1,1,1,1,1,0,1,1,1,1,1,1,1,0,0,0,0,1,1
AIV,Essex Property Trust Inc,1,1,1,1,1,1,1,1,1,1,1,1,1,1,1,1,0,1,1,1,1,1,1,1,0,0,0,0,1,1
AIV,Preferred Apartment Communities Inc,1,1,1,1,1,1,1,1,1,1,1,1,1,1,1,1,0,1,1,1,1,1,1,1,0,0,0,0,1,1
AIV,Prologis Inc,1,1,1,1,1,1,0,1,1,1,1,1,1,1,1,1,0,1,1,1,1,1,1,1,0,0,0,0,1,1
AIV,UC Asset LP,1,1,1,1,1,1,1,1,1,1,1,1,1,1,1,1,0,1,1,1,1,1,1,1,0,0,0,0,1,1
ALLE,Allegion PLC,134,134,134,134,105,47,130,134,134,134,134,130,94,72,134,134,0,134,134,134,134,130,134,134,0,0,0,0,134,134
ALLE,Assa Abloy AB,1,1,1,1,1,1,1,1,1,1,1,1,1,1,1,1,0,1,1,1,1,1,1,1,0,0,0,0,1,1
ALLE,Carrier Global Corp,1,1,1,1,1,1,1,1,1,1,1,1,1,1,1,1,0,1,1,1,1,1,1,1,0,0,0,0,1,1
ALLE,Colfax Corp,1,1,1,1,1,1,1,1,1,1,1,1,1,1,1,1,0,1,1,1,1,1,1,1,0,0,0,0,1,1
ALLE,Dormakaba Holding AG,1,1,1,1,1,1,1,1,1,1,1,1,1,1,1,1,0,1,1,1,1,1,1,1,0,0,0,0,1,1
ALLE,Emerson Electric Co,2,2,2,2,2,2,2,2,2,2,2,2,2,2,2,2,0,2,2,2,2,2,2,2,0,0,0,0,2,2
ALLE,Fastenal Co,1,1,1,1,1,1,1,1,1,1,1,1,1,1,1,1,0,1,1,1,1,1,1,1,0,0,0,0,1,1
ALLE,Flowserve Corp,1,1,1,1,1,1,1,1,1,1,1,1,1,1,1,1,0,1,1,1,1,1,1,1,0,0,0,0,1,1
ALLE,Identiv Inc,1,1,1,1,1,1,1,1,1,1,1,1,1,1,1,1,0,1,1,1,1,1,1,1,0,0,0,0,1,1
ALLE,Ingersoll Rand Inc,2,2,2,2,2,2,1,2,2,2,2,2,2,2,2,2,0,2,2,2,2,2,2,2,0,0,0,0,2,2
ALLE,Johnson Controls International PLC,2,2,2,2,2,2,2,2,2,2,2,2,2,2,2,2,0,2,2,2,2,2,2,2,0,0,0,0,2,2
ALLE,Lennox International Inc,1,1,1,1,1,1,1,1,1,1,1,1,1,1,1,1,0,1,1,1,1,1,1,1,0,0,0,0,1,1
ALLE,Otis Worldwide Corp,2,2,2,2,2,2,2,2,2,2,2,2,2,1,2,2,0,2,2,2,2,2,2,2,0,0,0,0,2,2
ALLE,Parker-Hannifin Corp,1,1,1,1,1,1,1,1,1,1,1,1,1,1,1,1,0,1,1,1,1,1,1,1,0,0,0,0,1,1
ALLE,Rexnord Corp,1,1,1,1,1,1,1,1,1,1,1,1,1,1,1,1,0,1,1,1,1,1,1,1,0,0,0,0,1,1
ALLE,Trane Technologies PLC,1,1,1,1,1,1,1,1,1,1,1,1,1,1,1,1,0,1,1,1,1,1,1,1,0,0,0,0,1,1
AMCR,Amcor PLC,44,44,44,44,42,8,43,44,44,44,44,43,35,24,44,44,0,44,44,44,44,43,44,44,0,0,0,0,44,44
AMCR,Brookfield Business Partners LP,1,1,1,1,1,1,1,1,1,1,1,1,0,1,1,1,0,1,1,1,1,1,1,1,0,0,0,0,1,1
AMCR,Verallia SAS,1,1,1,1,1,1,1,1,1,1,1,1,1,1,1,1,0,1,1,1,1,1,1,1,0,0,0,0,1,1
AMT,AT&T Inc,1,1,1,1,1,1,1,1,1,1,1,1,1,1,1,1,0,1,1,1,1,1,1,1,0,0,0,0,1,1
AMT,American Tower Corp,157,157,157,157,140,53,140,157,157,157,157,156,98,73,157,157,0,157,157,157,157,156,157,157,0,0,0,0,157,157
AMT,Cellnex Telecom SA,2,2,2,2,2,2,2,2,2,2,2,2,2,2,2,2,0,2,2,2,2,2,2,2,0,0,0,0,2,2
AMT,Crown Castle International Corp,3,3,3,3,3,3,3,3,3,3,3,3,1,1,3,3,0,3,3,3,3,3,3,3,0,0,0,0,3,3
AMT,Dycom Industries Inc,6,6,6,6,6,6,6,6,6,6,6,2,2,2,6,6,0,6,6,6,6,2,6,6,0,0,0,0,6,6
AMT,Kunlun Energy Company Ltd,1,1,1,1,0,1,1,1,1,1,1,1,1,1,1,1,0,1,1,1,1,1,1,1,0,0,0,0,1,1
AMT,MasTec Inc,2,2,2,2,2,2,2,2,2,2,2,1,1,1,2,2,0,2,2,2,2,1,2,2,0,0,0,0,2,2
AMT,OUTFRONT Media Inc,1,1,1,1,1,1,1,1,1,1,1,1,1,1,1,1,0,1,1,1,1,1,1,1,0,0,0,0,1,1
AMT,Quanta Services Inc,3,3,3,3,3,3,3,3,3,3,3,2,2,2,3,3,0,3,3,3,3,2,3,3,0,0,0,0,3,3
AMT,SBA Communications Corp,4,4,4,4,4,4,4,4,4,4,4,4,0,0,4,4,0,4,4,4,4,4,4,4,0,0,0,0,4,4
AMT,Sprint Corp,1,1,1,1,1,1,0,1,1,1,1,1,1,1,1,1,0,1,1,1,1,1,1,1,0,0,0,0,1,1
AMT,T-Mobile US Inc,2,2,2,2,2,2,2,2,2,2,2,2,2,0,2,2,0,2,2,2,2,2,2,2,0,0,0,0,2,2
AMT,Zayo Group Holdings Inc,1,1,1,1,1,1,1,1,1,1,1,1,1,1,1,1,0,1,1,1,1,1,1,1,0,0,0,0,1,1
AON,Aon PLC,23,23,23,23,23,3,18,23,23,23,23,21,12,6,23,23,0,23,23,23,23,21,23,23,0,0,0,0,23,23
AON,Aon PLC (Pre-Reincorporation),149,149,149,149,149,9,1,149,149,149,149,134,80,59,149,149,0,149,149,149,149,134,149,149,0,0,0,0,149,149
AON,Marsh & McLennan Companies Inc,1,1,1,1,1,1,1,1,1,1,1,1,1,1,1,1,0,1,1,1,1,1,1,1,0,0,0,0,1,1
AON,Willis Towers Watson PLC,3,3,3,3,3,3,3,3,3,3,3,3,2,2,3,3,0,3,3,3,3,3,3,3,0,0,0,0,3,3
APTV,Acuity Brands Inc,4,4,4,4,4,4,4,4,4,4,4,4,4,4,4,4,0,4,4,4,4,4,4,4,0,0,0,0,4,4
APTV,Adient PLC,14,14,14,14,2,14,13,14,14,14,14,14,14,14,14,14,0,14,14,14,14,14,14,14,0,0,0,0,14,14
APTV,Allison Transmission Holdings Inc,1,1,1,1,0,1,1,1,1,1,1,1,1,1,1,1,0,1,1,1,1,1,1,1,0,0,0,0,1,1
APTV,American Axle & Manufacturing Holdings Inc,1,1,1,1,1,1,1,1,1,1,1,1,1,1,1,1,0,1,1,1,1,1,1,1,0,0,0,0,1,1
APTV,Amtech Systems Inc,1,1,1,1,1,1,1,1,1,1,1,1,1,1,1,1,0,1,1,1,1,1,1,1,0,0,0,0,1,1
APTV,Aptiv PLC,198,198,198,198,196,24,188,198,198,198,198,195,136,106,198,198,0,198,198,198,198,195,198,198,0,0,0,0,198,198
APTV,Autoliv Inc,5,5,5,5,5,5,2,5,5,5,5,5,5,5,5,5,0,5,5,5,5,5,5,5,0,0,0,0,5,5
APTV,Borgwarner Inc,1,1,1,1,1,1,1,1,1,1,1,1,1,1,1,1,0,1,1,1,1,1,1,1,0,0,0,0,1,1
APTV,Continental AG,1,1,1,1,1,1,1,1,1,1,1,1,1,1,1,1,0,1,1,1,1,1,1,1,0,0,0,0,1,1
APTV,Dana Inc,2,2,2,2,2,2,2,2,2,2,2,2,1,1,2,2,0,2,2,2,2,2,2,2,0,0,0,0,2,2
APTV,Delphi Technologies PLC,7,7,7,7,7,7,7,7,7,7,7,7,5,5,7,7,0,7,7,7,7,7,7,7,0,0,0,0,7,7
APTV,Denso Corp,1,1,1,1,1,1,1,1,1,1,1,1,1,1,1,1,0,1,1,1,1,1,1,1,0,0,0,0,1,1
APTV,Ford Motor Co,1,1,1,1,1,1,1,1,1,1,1,1,1,1,1,1,0,1,1,1,1,1,1,1,0,0,0,0,1,1
APTV,Gentex Corp,1,1,1,1,1,1,1,1,1,1,1,1,0,0,1,1,0,1,1,1,1,1,1,1,0,0,0,0,1,1
APTV,Hannon Armstrong Sustainable Infrastructure Capital Inc,2,2,2,2,2,2,2,2,2,2,2,2,2,2,2,2,0,2,2,2,2,2,2,2,0,0,0,0,2,2
APTV,Huizhou Desay SV Automotive Co Ltd,1,1,1,1,1,1,1,1,1,1,1,1,1,1,1,1,0,1,1,1,1,1,1,1,0,0,0,0,1,1
APTV,Itron Inc,1,1,1,1,1,1,1,1,1,1,1,1,1,1,1,1,0,1,1,1,1,1,1,1,0,0,0,0,1,1
APTV,Lear Corp,2,2,2,2,2,2,2,2,2,2,2,2,2,2,2,2,0,2,2,2,2,2,2,2,0,0,0,0,2,2
APTV,Magna International Inc,1,1,1,1,1,1,1,1,1,1,1,1,0,0,1,1,0,1,1,1,1,1,1,1,0,0,0,0,1,1
APTV,Maxwell Technologies Inc,2,2,2,2,2,2,2,2,2,2,2,2,2,2,2,2,0,2,2,2,2,2,2,2,0,0,0,0,2,2
APTV,Tesla Inc,1,1,1,1,1,1,1,1,1,1,1,1,1,1,1,1,0,1,1,1,1,1,1,1,0,0,0,0,1,1
APTV,Veoneer Inc,3,3,3,3,3,3,3,3,3,3,3,3,2,2,3,3,0,3,3,3,3,3,3,3,0,0,0,0,3,3
APTV,Visteon Corp,1,1,1,1,1,1,1,1,1,1,1,1,1,1,1,1,0,1,1,1,1,1,1,1,0,0,0,0,1,1
ARE,Alexandria Real Estate Equities Inc,84,84,84,84,83,6,81,84,84,84,84,83,37,37,84,84,0,84,84,84,84,83,84,84,0,0,0,0,84,84
AVB,American Assets Trust Inc,3,3,3,3,0,3,3,3,3,3,3,3,3,3,3,3,0,3,3,3,3,3,3,3,0,0,0,0,3,3
AVB,American Campus Communities Inc,3,3,3,3,0,3,3,3,3,3,3,2,2,2,3,3,0,3,3,3,3,2,3,3,0,0,0,0,3,3
AVB,American Homes 4 Rent,2,2,2,2,1,2,2,2,2,2,2,2,2,2,2,2,0,2,2,2,2,2,2,2,0,0,0,0,2,2
AVB,Avalonbay Communities Inc,150,150,150,150,147,22,133,150,150,150,150,143,76,76,150,150,0,150,150,150,150,143,150,150,0,0,0,0,150,150
AVB,Camden Property Trust,3,3,3,3,3,3,1,3,3,3,3,3,3,3,3,3,0,3,3,3,3,3,3,3,0,0,0,0,3,3
AVB,Equity Residential,2,2,2,2,2,2,0,2,2,2,2,2,2,2,2,2,0,2,2,2,2,2,2,2,0,0,0,0,2,2
AVB,Essex Property Trust Inc,2,2,2,2,2,2,1,2,2,2,2,2,2,2,2,2,0,2,2,2,2,2,2,2,0,0,0,0,2,2
AVB,Invitation Homes Inc,2,2,2,2,2,2,2,2,2,2,2,2,0,0,2,2,0,2,2,2,2,2,2,2,0,0,0,0,2,2
AVB,Mack-Cali Realty Corp,1,1,1,1,1,1,1,1,1,1,1,1,1,1,1,1,0,1,1,1,1,1,1,1,0,0,0,0,1,1
AVGO,ACADIA Pharmaceuticals Inc,1,1,1,1,0,1,1,1,1,1,1,1,0,0,1,1,0,1,1,1,1,1,1,1,0,0,0,0,1,1
AVGO,Avago Technologies Ltd,1,1,1,1,1,1,0,1,1,1,1,1,1,1,1,1,0,1,1,1,1,1,1,1,0,0,0,0,1,1
AVGO,Broadcom Inc,29,29,29,29,29,5,28,29,29,29,29,27,18,13,28,29,0,29,29,29,29,27,29,29,0,0,0,0,29,29
AVGO,Chipbond Technology Corp,1,1,1,1,1,1,1,1,1,1,1,1,1,1,1,1,0,1,1,1,1,1,1,1,0,0,0,0,1,1
AVGO,Chroma ATE Inc,1,1,1,1,1,1,1,1,1,1,1,1,1,1,1,1,0,1,1,1,1,1,1,1,0,0,0,0,1,1
AVGO,Inari Amertron Bhd,1,1,1,1,1,1,1,1,1,1,1,1,1,1,1,1,0,1,1,1,1,1,1,1,0,0,0,0,1,1
AVGO,Mellanox Technologies Ltd,3,3,3,3,3,3,3,3,3,3,3,3,3,3,3,3,0,3,3,3,3,3,3,3,0,0,0,0,3,3
AVGO,Micron Technology Inc,1,1,1,1,1,1,0,1,1,1,1,0,0,0,1,1,0,1,1,1,1,0,1,1,0,0,0,0,1,1
AVGO,Qorvo Inc,2,2,2,2,2,2,1,2,2,2,2,1,1,1,2,2,0,2,2,2,2,1,2,2,0,0,0,0,2,2
AVGO,Texas Instruments Inc,1,1,1,1,1,1,1,1,1,1,1,1,1,1,1,1,0,1,1,1,1,1,1,1,0,0,0,0,1,1
BFb,AcelRx Pharmaceuticals Inc,1,1,1,1,1,1,0,1,1,1,1,1,1,1,1,1,0,1,1,1,1,1,1,1,0,0,0,0,1,1
BFb,Achaogen Inc,1,1,1,1,1,1,0,1,1,1,1,1,0,0,1,1,0,1,1,1,1,1,1,1,0,0,0,0,1,1
BFb,Adverum Biotechnologies Inc,1,1,1,1,1,1,0,1,1,1,1,1,0,0,1,1,0,1,1,1,1,1,1,1,0,0,0,0,1,1
BFb,Alacer Gold Corp,1,1,1,1,1,1,0,1,1,1,1,1,1,1,1,1,0,1,1,1,1,1,1,1,0,0,0,0,1,1
BFb,Alibaba Group Holding Ltd,1,1,1,1,1,1,0,1,1,1,1,1,1,1,1,1,0,1,1,1,1,1,1,1,0,0,0,0,1,1
BFb,Allison Transmission Holdings Inc,1,1,1,1,1,1,0,1,1,1,1,1,1,1,1,1,0,1,1,1,1,1,1,1,0,0,0,0,1,1
BFb,Ambev SA,1,1,1,1,1,1,0,1,1,1,1,1,1,1,1,1,0,1,1,1,1,1,1,1,0,0,0,0,1,1
BFb,American Eagle Outfitters Inc,1,1,1,1,0,1,0,1,1,1,1,1,0,0,1,1,0,1,1,1,1,1,1,1,0,0,0,0,1,1
BFb,Analog Devices Inc,1,1,1,1,0,1,0,1,1,1,1,1,0,0,1,1,0,1,1,1,1,1,1,1,0,0,0,0,1,1
BFb,Anheuser Busch Inbev NV,1,1,1,1,0,1,0,1,1,1,1,1,1,1,1,1,0,1,1,1,1,1,1,1,0,0,0,0,1,1
BFb,Apartment Investment and Management Co,1,1,1,1,1,1,0,1,1,1,1,1,0,0,1,1,0,1,1,1,1,1,1,1,0,0,0,0,1,1
BFb,Associated British Foods PLC,1,1,1,1,1,1,0,1,1,1,1,1,1,1,1,1,0,1,1,1,1,1,1,1,0,0,0,0,1,1
BFb,Atlantica Sustainable Infrastructure PLC,1,1,1,1,1,1,0,1,1,1,1,1,1,1,1,1,0,1,1,1,1,1,1,1,0,0,0,0,1,1
BFb,Avon Products Inc,25,25,25,25,0,25,0,25,25,25,25,25,25,25,25,25,0,25,25,25,25,25,25,25,0,0,0,0,25,25
BFb,Becle SAB de CV,1,1,1,1,1,1,1,1,1,1,1,1,0,0,1,1,0,1,1,1,1,1,1,1,0,0,0,0,1,1
BFb,Beiersdorf AG,1,1,1,1,1,1,0,1,1,1,1,1,1,1,1,1,0,1,1,1,1,1,1,1,0,0,0,0,1,1
BFb,British American Tobacco PLC,1,1,1,1,1,1,0,1,1,1,1,1,1,1,1,1,0,1,1,1,1,1,1,1,0,0,0,0,1,1
BFb,Broadcom Inc,1,1,1,1,1,1,0,1,1,1,1,1,1,1,1,1,0,1,1,1,1,1,1,1,0,0,0,0,1,1
BFb,Brown-Forman Corp,75,75,75,75,54,25,25,75,75,75,75,56,45,42,74,75,0,75,75,75,75,56,75,75,0,0,0,0,75,75
BFb,CatchMark Timber Trust Inc,1,1,1,1,1,1,0,1,1,1,1,1,1,1,1,1,0,1,1,1,1,1,1,1,0,0,0,0,1,1
BFb,Chimera Investment Corp,1,1,1,1,1,1,0,1,1,1,1,1,1,1,1,1,0,1,1,1,1,1,1,1,0,0,0,0,1,1
BFb,Chr Hansen Holding A/S,1,1,1,1,1,1,0,1,1,1,1,1,1,1,1,1,0,1,1,1,1,1,1,1,0,0,0,0,1,1
BFb,Compugen Ltd,1,1,1,1,1,1,0,1,1,1,1,1,0,0,1,1,0,1,1,1,1,1,1,1,0,0,0,0,1,1
BFb,Conagra Brands Inc,1,1,1,1,1,1,0,1,1,1,1,1,1,1,1,1,0,1,1,1,1,1,1,1,0,0,0,0,1,1
BFb,Constellation Brands Inc,2,2,2,2,2,2,0,2,2,2,2,2,2,2,2,2,0,2,2,2,2,2,2,2,0,0,0,0,2,2
BFb,Coupa Software Inc,1,1,1,1,1,1,0,1,1,1,1,1,1,1,1,1,0,1,1,1,1,1,1,1,0,0,0,0,1,1
BFb,Crossamerica Partners LP,1,1,1,1,1,1,0,1,1,1,1,1,1,1,1,1,0,1,1,1,1,1,1,1,0,0,0,0,1,1
BFb,DCP Midstream LP,1,1,1,1,1,1,0,1,1,1,1,1,1,1,1,1,0,1,1,1,1,1,1,1,0,0,0,0,1,1
BFb,Danone SA,1,1,1,1,1,1,0,1,1,1,1,1,1,1,1,1,0,1,1,1,1,1,1,1,0,0,0,0,1,1
BFb,Delek US Holdings Inc,1,1,1,1,1,1,0,1,1,1,1,1,1,1,1,1,0,1,1,1,1,1,1,1,0,0,0,0,1,1
BFb,Dicerna Pharmaceuticals Inc,1,1,1,1,1,1,0,1,1,1,1,1,0,0,1,1,0,1,1,1,1,1,1,1,0,0,0,0,1,1
BFb,Digital Realty Trust Inc,1,1,1,1,1,1,0,1,1,1,1,1,1,1,1,1,0,1,1,1,1,1,1,1,0,0,0,0,1,1
BFb,EVO Payments Inc,1,1,1,1,1,1,0,1,1,1,1,1,0,0,1,1,0,1,1,1,1,1,1,1,0,0,0,0,1,1
BFb,Echo Global Logistics Inc,1,1,1,1,1,1,0,1,1,1,1,1,0,0,1,1,0,1,1,1,1,1,1,1,0,0,0,0,1,1
BFb,Energizer Holdings Inc,1,1,1,1,1,1,0,1,1,1,1,1,1,1,1,1,0,1,1,1,1,1,1,1,0,0,0,0,1,1
BFb,Fleetcor Technologies Inc,1,1,1,1,1,1,0,1,1,1,1,1,1,1,1,1,0,1,1,1,1,1,1,1,0,0,0,0,1,1
BFb,Freeport-McMoRan Inc,1,1,1,1,1,1,0,1,1,1,1,1,1,1,1,1,0,1,1,1,1,1,1,1,0,0,0,0,1,1
BFb,GMS Inc,1,1,1,1,1,1,0,1,1,1,1,1,0,0,1,1,0,1,1,1,1,1,1,1,0,0,0,0,1,1
BFb,Gates Industrial Corporation PLC,1,1,1,1,1,1,0,1,1,1,1,1,1,1,1,1,0,1,1,1,1,1,1,1,0,0,0,0,1,1
BFb,Genesis Healthcare Inc,1,1,1,1,1,1,0,1,1,1,1,1,1,1,1,1,0,1,1,1,1,1,1,1,0,0,0,0,1,1
BFb,Gilead Sciences Inc,1,1,1,1,1,1,0,1,1,1,1,1,0,0,1,1,0,1,1,1,1,1,1,1,0,0,0,0,1,1
BFb,Imperial Brands PLC,1,1,1,1,1,1,1,1,1,1,1,1,1,1,1,1,0,1,1,1,1,1,1,1,0,0,0,0,1,1
BFb,Japan Tobacco Inc,1,1,1,1,0,1,0,1,1,1,1,1,1,1,1,1,0,1,1,1,1,1,1,1,0,0,0,0,1,1
BFb,Kilroy Realty Corp,1,1,1,1,1,1,0,1,1,1,1,1,1,1,1,1,0,1,1,1,1,1,1,1,0,0,0,0,1,1
BFb,Kraft Heinz Co,1,1,1,1,1,1,0,1,1,1,1,1,1,1,0,1,0,1,1,1,1,1,1,1,0,0,0,0,1,1
BFb,Liberty Global PLC,1,1,1,1,1,1,0,1,1,1,1,1,1,1,1,1,0,1,1,1,1,1,1,1,0,0,0,0,1,1
BFb,Medical Properties Trust Inc,1,1,1,1,1,1,0,1,1,1,1,1,1,1,1,1,0,1,1,1,1,1,1,1,0,0,0,0,1,1
BFb,Monster Beverage Corp,1,1,1,1,1,1,1,1,1,1,1,1,1,0,1,1,0,1,1,1,1,1,1,1,0,0,0,0,1,1
BFb,Nabors Industries Ltd,1,1,1,1,1,1,0,1,1,1,1,1,0,0,1,1,0,1,1,1,1,1,1,1,0,0,0,0,1,1
BFb,National Beverage Corp,1,1,1,1,1,1,0,1,1,1,1,1,1,1,1,1,0,1,1,1,1,1,1,1,0,0,0,0,1,1
BFb,Newell Brands Inc,1,1,1,1,1,1,0,1,1,1,1,1,1,1,1,1,0,1,1,1,1,1,1,1,0,0,0,0,1,1
BFb,Nordstrom Inc,1,1,1,1,1,1,0,1,1,1,1,1,0,0,1,1,0,1,1,1,1,1,1,1,0,0,0,0,1,1
BFb,Otonomy Inc,1,1,1,1,1,1,0,1,1,1,1,1,0,0,1,1,0,1,1,1,1,1,1,1,0,0,0,0,1,1
BFb,Pernod Ricard SA,1,1,1,1,1,1,1,1,1,1,1,1,1,1,1,1,0,1,1,1,1,1,1,1,0,0,0,0,1,1
BFb,Salesforce.Com Inc,1,1,1,1,1,1,0,1,1,1,1,1,0,0,1,1,0,1,1,1,1,1,1,1,0,0,0,0,1,1
BFb,Saudi Arabian Oil Co,1,1,1,1,1,1,0,1,1,1,1,1,1,1,1,1,0,1,1,1,1,1,1,1,0,0,0,0,1,1
BFb,Textainer Group Holdings Ltd,1,1,1,1,1,1,0,1,1,1,1,1,0,0,1,1,0,1,1,1,1,1,1,1,0,0,0,0,1,1
BFb,Unilever NV,1,1,1,1,1,1,0,1,1,1,1,1,1,1,1,1,0,1,1,1,1,1,1,1,0,0,0,0,1,1
BFb,eHealth Inc,1,1,1,1,1,1,0,1,1,1,1,1,0,0,1,1,0,1,1,1,1,1,1,1,0,0,0,0,1,1
BKR,A. O. Smith Corp,1,1,1,1,1,1,0,1,1,1,1,1,0,0,1,1,0,1,1,1,1,1,1,1,0,0,0,0,1,1
BKR,ADES International Holding PLC,1,1,1,1,0,1,0,1,1,1,1,1,0,0,1,1,0,1,1,1,1,1,1,1,0,0,0,0,1,1
BKR,Advantage Oil & Gas Ltd,2,2,2,2,0,2,0,2,2,2,2,2,2,2,2,2,0,2,2,2,2,2,2,2,0,0,0,0,2,2
BKR,Aetna Inc,1,1,1,1,1,1,0,1,1,1,1,1,1,1,1,1,0,1,1,1,1,1,1,1,0,0,0,0,1,1
BKR,Aker BP ASA,2,2,2,2,0,2,0,2,2,2,2,2,1,1,2,2,0,2,2,2,2,2,2,2,0,0,0,0,2,2
BKR,Aker Solutions ASA,2,2,2,2,2,2,0,2,2,2,2,2,2,2,2,2,0,2,2,2,2,2,2,2,0,0,0,0,2,2
BKR,Alimentation Couche-Tard Inc,1,1,1,1,1,1,0,1,1,1,1,1,0,0,1,1,0,1,1,1,1,1,1,1,0,0,0,0,1,1
BKR,Allegion PLC,1,1,1,1,1,1,0,1,1,1,1,1,1,1,1,1,0,1,1,1,1,1,1,1,0,0,0,0,1,1
BKR,Alphabet Inc,1,1,1,1,1,1,0,1,1,1,1,1,0,0,1,1,0,1,1,1,1,1,1,1,0,0,0,0,1,1
BKR,Ameren Corp,1,1,1,1,0,1,0,1,1,1,1,1,1,1,1,1,0,1,1,1,1,1,1,1,0,0,0,0,1,1
BKR,American Equity Investment Life Holding Co,1,1,1,1,0,1,0,1,1,1,1,1,1,1,1,1,0,1,1,1,1,1,1,1,0,0,0,0,1,1
BKR,Amerisourcebergen Corp,1,1,1,1,0,1,0,1,1,1,1,1,0,0,1,1,0,1,1,1,1,1,1,1,0,0,0,0,1,1
BKR,Anadarko Petroleum Corp,1,1,1,1,0,1,0,1,1,1,1,1,0,0,1,1,0,1,1,1,1,1,1,1,0,0,0,0,1,1
BKR,Apache Corp,2,2,2,2,0,2,0,2,2,2,2,2,1,1,2,2,0,2,2,2,2,2,2,2,0,0,0,0,2,2
BKR,Athabasca Oil Corp,1,1,1,1,1,1,0,1,1,1,1,1,1,1,1,1,0,1,1,1,1,1,1,1,0,0,0,0,1,1
BKR,Automotive Properties Real Estate Investment Trust,1,1,1,1,1,1,0,1,1,1,1,1,1,1,1,1,0,1,1,1,1,1,1,1,0,0,0,0,1,1
BKR,B2Gold Corp,1,1,1,1,1,1,0,1,1,1,1,1,1,1,1,1,0,1,1,1,1,1,1,1,0,0,0,0,1,1
BKR,Baker Hughes Co,61,61,61,61,54,19,30,61,61,61,61,48,33,28,61,61,0,61,61,61,61,48,61,61,0,0,0,0,61,61
BKR,Barrick Gold Corp,1,1,1,1,0,1,0,1,1,1,1,1,0,0,1,1,0,1,1,1,1,1,1,1,0,0,0,0,1,1
BKR,Borr Drilling Ltd,1,1,1,1,0,1,0,1,1,1,1,1,1,1,1,1,0,1,1,1,1,1,1,1,0,0,0,0,1,1
BKR,Boston Properties Inc,1,1,1,1,1,1,0,1,1,1,1,1,1,1,1,1,0,1,1,1,1,1,1,1,0,0,0,0,1,1
BKR,Boston Scientific Corp,1,1,1,1,1,1,0,1,1,1,1,1,0,0,1,1,0,1,1,1,1,1,1,1,0,0,0,0,1,1
BKR,Brinks Co,1,1,1,1,1,1,0,1,1,1,1,1,0,0,1,1,0,1,1,1,1,1,1,1,0,0,0,0,1,1
BKR,Brooks Macdonald Group PLC,1,1,1,1,1,1,0,1,1,1,1,1,1,1,1,1,0,1,1,1,1,1,1,1,0,0,0,0,1,1
BKR,C&J Energy Services Inc,1,1,1,1,1,1,0,1,1,1,1,1,0,0,1,1,0,1,1,1,1,1,1,1,0,0,0,0,1,1
BKR,Cascades Inc,1,1,1,1,1,1,0,1,1,1,1,1,1,1,1,1,0,1,1,1,1,1,1,1,0,0,0,0,1,1
BKR,ChampionX Corp,20,20,20,20,19,20,0,20,20,20,20,19,19,19,20,20,0,20,20,20,20,19,20,20,0,0,0,0,20,20
BKR,Cognex Corp,1,1,1,1,1,1,0,1,1,1,1,1,0,0,1,1,0,1,1,1,1,1,1,1,0,0,0,0,1,1
BKR,Contango Oil & Gas Co (Pre-Reincorporation),1,1,1,1,1,1,0,1,1,1,1,1,0,0,1,1,0,1,1,1,1,1,1,1,0,0,0,0,1,1
BKR,Covia Holdings Corp,2,2,2,2,2,2,1,2,2,2,2,2,1,1,2,2,0,2,2,2,2,2,2,2,0,0,0,0,2,2
BKR,Douglas Emmett Inc,1,1,1,1,1,1,0,1,1,1,1,1,1,1,1,1,0,1,1,1,1,1,1,1,0,0,0,0,1,1
BKR,Dream Industrial Real Estate Investment Trust,1,1,1,1,1,1,0,1,1,1,1,1,0,0,1,1,0,1,1,1,1,1,1,1,0,0,0,0,1,1
BKR,EQT Corp,1,1,1,1,1,1,0,1,1,1,1,1,0,0,1,1,0,1,1,1,1,1,1,1,0,0,0,0,1,1
BKR,Esterline Technologies Corp,1,1,1,1,1,1,0,1,1,1,1,1,0,0,1,1,0,1,1,1,1,1,1,1,0,0,0,0,1,1
BKR,Foot Locker Inc,1,1,1,1,1,1,0,1,1,1,1,1,0,0,1,1,0,1,1,1,1,1,1,1,0,0,0,0,1,1
BKR,Fortive Corp,2,2,2,2,2,2,0,2,2,2,2,2,1,1,2,2,0,2,2,2,2,2,2,2,0,0,0,0,2,2
BKR,General Electric Co,5,5,5,5,5,5,2,5,5,5,5,5,5,5,5,5,0,5,5,5,5,5,5,5,0,0,0,0,5,5
BKR,Great Canadian Gaming Corp,1,1,1,1,1,1,0,1,1,1,1,1,1,1,1,1,0,1,1,1,1,1,1,1,0,0,0,0,1,1
BKR,Halliburton Co,4,4,4,4,4,4,1,4,4,4,4,4,4,4,4,4,0,4,4,4,4,4,4,4,0,0,0,0,4,4
BKR,Helmerich and Payne Inc,1,1,1,1,1,1,0,1,1,1,1,1,0,0,1,1,0,1,1,1,1,1,1,1,0,0,0,0,1,1
BKR,Honeywell International Inc,1,1,1,1,1,1,0,1,1,1,1,1,1,1,1,1,0,1,1,1,1,1,1,1,0,0,0,0,1,1
BKR,Hunting PLC,1,1,1,1,1,1,0,1,1,1,1,1,1,1,1,1,0,1,1,1,1,1,1,1,0,0,0,0,1,1
BKR,Ingersoll Rand Inc,1,1,1,1,1,1,1,1,1,1,1,1,1,1,1,1,0,1,1,1,1,1,1,1,0,0,0,0,1,1
BKR,Intercept Pharmaceuticals Inc,1,1,1,1,1,1,0,1,1,1,1,1,1,1,1,1,0,1,1,1,1,1,1,1,0,0,0,0,1,1
BKR,John Wood Group PLC,1,1,1,1,1,1,0,1,1,1,1,1,1,1,1,1,0,1,1,1,1,1,1,1,0,0,0,0,1,1
BKR,Kosmos Energy Ltd,1,1,1,1,1,1,0,1,1,1,1,1,0,0,1,1,0,1,1,1,1,1,1,1,0,0,0,0,1,1
BKR,Lattice Semiconductor Corp,1,1,1,1,1,1,0,1,1,1,1,1,0,0,1,1,0,1,1,1,1,1,1,1,0,0,0,0,1,1
BKR,Lightspeed POS Inc,1,1,1,1,1,1,0,1,1,1,1,1,1,1,1,1,0,1,1,1,1,1,1,1,0,0,0,0,1,1
BKR,NOW Inc,1,1,1,1,1,1,0,1,1,1,1,1,1,1,1,1,0,1,1,1,1,1,1,1,0,0,0,0,1,1
BKR,National Oilwell Varco Inc,2,2,2,2,2,2,0,2,2,2,2,2,0,0,2,2,0,2,2,2,2,2,2,2,0,0,0,0,2,2
BKR,PNC Financial Services Group Inc,1,1,1,1,1,1,0,1,1,1,1,1,1,1,1,1,0,1,1,1,1,1,1,1,0,0,0,0,1,1
BKR,Pacira Biosciences Inc,1,1,1,1,1,1,0,1,1,1,1,1,1,1,1,1,0,1,1,1,1,1,1,1,0,0,0,0,1,1
BKR,Pioneer Energy Services Corp (Pre-Reincorporation),1,1,1,1,0,1,0,1,1,1,1,1,0,0,1,1,0,1,1,1,1,1,1,1,0,0,0,0,1,1
BKR,PlayAGS Inc,1,1,1,1,1,1,0,1,1,1,1,1,0,0,1,1,0,1,1,1,1,1,1,1,0,0,0,0,1,1
BKR,Republic Services Inc,1,1,1,1,1,1,0,1,1,1,1,1,1,1,1,1,0,1,1,1,1,1,1,1,0,0,0,0,1,1
BKR,Rocky Mountain Dealerships Inc,1,1,1,1,1,1,0,1,1,1,1,1,0,0,1,1,0,1,1,1,1,1,1,1,0,0,0,0,1,1
BKR,Saudi Basic Industries Corporation SJSC,1,1,1,1,0,1,0,1,1,1,1,1,0,0,1,1,0,1,1,1,1,1,1,1,0,0,0,0,1,1
BKR,Schlumberger NV,3,3,3,3,3,3,2,3,3,3,3,3,2,2,3,3,0,3,3,3,3,3,3,3,0,0,0,0,3,3
BKR,Solaris Oilfield Infrastructure Inc,1,1,1,1,1,1,1,1,1,1,1,1,1,1,1,1,0,1,1,1,1,1,1,1,0,0,0,0,1,1
BKR,Step Energy Services Ltd,1,1,1,1,1,1,1,1,1,1,1,1,1,1,1,1,0,1,1,1,1,1,1,1,0,0,0,0,1,1
BKR,Suncor Energy Inc,1,1,1,1,1,1,0,1,1,1,1,1,0,0,1,1,0,1,1,1,1,1,1,1,0,0,0,0,1,1
BKR,TechnipFMC PLC,1,1,1,1,1,1,1,1,1,1,1,1,1,1,1,1,0,1,1,1,1,1,1,1,0,0,0,0,1,1
BKR,Translate Bio Inc,1,1,1,1,1,1,0,1,1,1,1,0,0,0,1,1,0,1,1,1,1,0,1,1,0,0,0,0,1,1
BKR,TriSummit Utilities Inc,1,1,1,1,0,1,0,1,1,1,1,1,1,1,1,1,0,1,1,1,1,1,1,1,0,0,0,0,1,1
BRKa,Berkshire Hathaway Inc,103,103,103,103,103,5,100,103,103,103,103,102,57,7,103,103,0,103,103,103,103,102,103,103,0,0,0,0,103,103
BRKa,Resaas Services Inc,1,1,1,1,1,1,1,1,1,1,1,1,1,1,1,1,0,1,1,1,1,1,1,1,0,0,0,0,1,1
BXP,Acadia Realty Trust,3,3,3,3,3,3,0,3,3,3,3,3,3,3,3,3,0,3,3,3,3,3,3,3,0,0,0,0,3,3
BXP,Agree Realty Corp,6,6,6,6,3,6,0,6,6,6,6,6,6,6,6,6,0,6,6,6,6,6,6,6,0,0,0,0,6,6
BXP,Albemarle Corp,1,1,1,1,1,1,0,1,1,1,1,1,0,0,1,1,0,1,1,1,1,1,1,1,0,0,0,0,1,1
BXP,Alexander & Baldwin Inc,1,1,1,1,1,1,0,1,1,1,1,1,1,1,1,1,0,1,1,1,1,1,1,1,0,0,0,0,1,1
BXP,Alexandria Real Estate Equities Inc,1,1,1,1,0,1,0,1,1,1,1,1,1,1,1,1,0,1,1,1,1,1,1,1,0,0,0,0,1,1
BXP,Allscripts Healthcare Solutions Inc,1,1,1,1,1,1,0,1,1,1,1,1,0,0,1,1,0,1,1,1,1,1,1,1,0,0,0,0,1,1
BXP,Altus Group Ltd (Ontario),1,1,1,1,1,1,0,1,1,1,1,0,0,0,1,1,0,1,1,1,1,0,1,1,0,0,0,0,1,1
BXP,American Airlines Group Inc,1,1,1,1,0,1,0,1,1,1,1,1,0,0,1,1,0,1,1,1,1,1,1,1,0,0,0,0,1,1
BXP,American Assets Trust Inc,15,15,15,15,0,15,0,15,15,15,15,13,12,12,15,15,0,15,15,15,15,13,15,15,0,0,0,0,15,15
BXP,American Campus Communities Inc,4,4,4,4,1,4,0,4,4,4,4,4,4,4,4,4,0,4,4,4,4,4,4,4,0,0,0,0,4,4
BXP,American Homes 4 Rent,1,1,1,1,1,1,0,1,1,1,1,1,1,1,1,1,0,1,1,1,1,1,1,1,0,0,0,0,1,1
BXP,Apartment Investment and Management Co,11,11,11,11,5,11,0,11,11,11,11,11,3,3,11,11,0,11,11,11,11,11,11,11,0,0,0,0,11,11
BXP,Armada Hoffler Properties Inc,2,2,2,2,0,2,0,2,2,2,2,2,2,2,2,2,0,2,2,2,2,2,2,2,0,0,0,0,2,2
BXP,Array BioPharma Inc,1,1,1,1,1,1,0,1,1,1,1,1,0,0,1,1,0,1,1,1,1,1,1,1,0,0,0,0,1,1
BXP,Assura PLC,1,1,1,1,0,1,0,1,1,1,1,1,1,1,1,1,0,1,1,1,1,1,1,1,0,0,0,0,1,1
BXP,Autodesk Inc,1,1,1,1,1,1,0,1,1,1,1,1,0,0,1,1,0,1,1,1,1,1,1,1,0,0,0,0,1,1
BXP,Avalonbay Communities Inc,4,4,4,4,4,4,0,4,4,4,4,3,3,3,4,4,0,4,4,4,4,3,4,4,0,0,0,0,4,4
BXP,Banco Macro SA,1,1,1,1,1,1,0,1,1,1,1,1,1,1,1,1,0,1,1,1,1,1,1,1,0,0,0,0,1,1
BXP,Belden Inc,1,1,1,1,1,1,0,1,1,1,1,1,0,0,1,1,0,1,1,1,1,1,1,1,0,0,0,0,1,1
BXP,Boston Properties Inc,21,21,21,21,21,6,5,21,21,21,21,10,5,5,21,21,0,21,21,21,21,10,21,21,0,0,0,0,21,21
BXP,Brandywine Realty Trust,2,2,2,2,2,2,0,2,2,2,2,2,2,2,2,2,0,2,2,2,2,2,2,2,0,0,0,0,2,2
BXP,Brixmor Property Group Inc,2,2,2,2,2,2,0,2,2,2,2,1,0,0,2,2,0,2,2,2,2,1,2,2,0,0,0,0,2,2
BXP,CVR Energy Inc,1,1,1,1,1,1,0,1,1,1,1,1,1,1,1,1,0,1,1,1,1,1,1,1,0,0,0,0,1,1
BXP,Canadian Natural Resources Ltd,1,1,1,1,1,1,0,1,1,1,1,0,0,0,1,1,0,1,1,1,1,0,1,1,0,0,0,0,1,1
BXP,Chesapeake Energy Corp,1,1,1,1,1,1,0,1,1,1,1,1,1,1,1,1,0,1,1,1,1,1,1,1,0,0,0,0,1,1
BXP,Computer Programs and Systems Inc,1,1,1,1,1,1,0,1,1,1,1,1,0,0,1,1,0,1,1,1,1,1,1,1,0,0,0,0,1,1
BXP,Conduent Inc,1,1,1,1,1,1,0,1,1,1,1,1,0,0,1,1,0,1,1,1,1,1,1,1,0,0,0,0,1,1
BXP,Corporate Office Properties Trust,2,2,2,2,2,2,0,2,2,2,2,2,2,2,2,2,0,2,2,2,2,2,2,2,0,0,0,0,2,2
BXP,Cousins Properties Inc,1,1,1,1,1,1,0,1,1,1,1,1,1,1,1,1,0,1,1,1,1,1,1,1,0,0,0,0,1,1
BXP,Digital Realty Trust Inc,1,1,1,1,1,1,0,1,1,1,1,1,0,0,1,1,0,1,1,1,1,1,1,1,0,0,0,0,1,1
BXP,Duke Realty Corp,4,4,4,4,4,4,0,4,4,4,4,3,3,3,4,4,0,4,4,4,4,3,4,4,0,0,0,0,4,4
BXP,Easterly Government Properties Inc,1,1,1,1,1,1,0,1,1,1,1,1,1,1,1,1,0,1,1,1,1,1,1,1,0,0,0,0,1,1
BXP,Empresas CMPC SA,1,1,1,1,1,1,0,1,1,1,1,0,0,0,1,1,0,1,1,1,1,0,1,1,0,0,0,0,1,1
BXP,Federal Realty Investment Trust,1,1,1,1,1,1,0,1,1,1,1,0,0,0,1,1,0,1,1,1,1,0,1,1,0,0,0,0,1,1
BXP,GMexico Transportes SAB de CV,1,1,1,1,1,1,0,1,1,1,1,1,1,1,1,1,0,1,1,1,1,1,1,1,0,0,0,0,1,1
BXP,Hess Corp,1,1,1,1,1,1,0,1,1,1,1,1,1,1,1,1,0,1,1,1,1,1,1,1,0,0,0,0,1,1
BXP,Highwoods Properties Inc,1,1,1,1,1,1,1,1,1,1,1,1,1,1,1,1,0,1,1,1,1,1,1,1,0,0,0,0,1,1
BXP,Jack in the Box Inc,1,1,1,1,1,1,0,1,1,1,1,1,0,0,1,1,0,1,1,1,1,1,1,1,0,0,0,0,1,1
BXP,Klabin SA,1,1,1,1,1,1,0,1,1,1,1,0,0,0,1,1,0,1,1,1,1,0,1,1,0,0,0,0,1,1
BXP,Loblaw Companies Ltd,1,1,1,1,1,1,0,1,1,1,1,1,1,1,1,1,0,1,1,1,1,1,1,1,0,0,0,0,1,1
BXP,Piedmont Office Realty Trust Inc,1,1,1,1,1,1,0,1,1,1,1,1,1,1,1,1,0,1,1,1,1,1,1,1,0,0,0,0,1,1
BXP,SL Green Realty Corp,3,3,3,3,3,3,0,3,3,3,3,2,2,2,3,3,0,3,3,3,3,2,3,3,0,0,0,0,3,3
BXP,Sabra Health Care REIT Inc,1,1,1,1,1,1,0,1,1,1,1,1,0,0,1,1,0,1,1,1,1,1,1,1,0,0,0,0,1,1
BXP,Southwestern Energy Co,2,2,2,2,2,2,0,2,2,2,2,1,1,1,2,2,0,2,2,2,2,1,2,2,0,0,0,0,2,2
BXP,Synovus Financial Corp,1,1,1,1,1,1,0,1,1,1,1,0,0,0,1,1,0,1,1,1,1,0,1,1,0,0,0,0,1,1
BXP,Totvs SA,1,1,1,1,1,1,0,1,1,1,1,0,0,0,1,1,0,1,1,1,1,0,1,1,0,0,0,0,1,1
BXP,U.S. Silica Holdings Inc,1,1,1,1,1,1,0,1,1,1,1,0,0,0,1,1,0,1,1,1,1,0,1,1,0,0,0,0,1,1
BXP,Vornado Realty Trust,1,1,1,1,1,1,0,1,1,1,1,1,1,1,1,1,0,1,1,1,1,1,1,1,0,0,0,0,1,1
CB,AXA SA,2,2,2,2,2,2,2,2,2,2,2,2,2,2,2,2,0,2,2,2,2,2,2,2,0,0,0,0,2,2
CB,AXIS Capital Holdings Ltd,1,1,1,1,1,1,1,1,1,1,1,1,1,1,1,1,0,1,1,1,1,1,1,1,0,0,0,0,1,1
CB,Arch Capital Group Ltd,2,2,2,2,2,2,0,2,2,2,2,2,0,0,2,2,0,2,2,2,2,2,2,2,0,0,0,0,2,2
CB,Chubb Ltd,170,170,170,170,170,4,166,170,170,170,170,151,104,85,169,170,0,170,170,170,170,151,170,170,0,0,0,0,170,170
CB,Cincinnati Financial Corp,1,1,1,1,1,1,1,1,1,1,1,1,1,1,1,1,0,1,1,1,1,1,1,1,0,0,0,0,1,1
CB,Everest Re Group Ltd,1,1,1,1,1,1,0,1,1,1,1,1,1,1,1,1,0,1,1,1,1,1,1,1,0,0,0,0,1,1
CB,Hartford Financial Services Group Inc,2,2,2,2,2,2,2,2,2,2,2,2,2,2,2,2,0,2,2,2,2,2,2,2,0,0,0,0,2,2
CB,National General Holdings Corp,1,1,1,1,1,1,1,1,1,1,1,1,1,1,1,1,0,1,1,1,1,1,1,1,0,0,0,0,1,1
CB,TD Ameritrade Holding Corp,1,1,1,1,1,0,0,1,1,1,1,1,0,0,1,1,0,1,1,1,1,1,1,1,0,0,0,0,1,1
CB,Travelers Companies Inc,2,2,2,2,2,2,2,2,2,2,2,2,0,0,2,2,0,2,2,2,2,2,2,2,0,0,0,0,2,2
CB,W. R. Berkley Corp,1,1,1,1,1,1,1,1,1,1,1,1,1,1,1,1,0,1,1,1,1,1,1,1,0,0,0,0,1,1
CBOE,Ashmore Group PLC,1,1,1,1,1,1,0,1,1,1,1,1,1,1,1,1,0,1,1,1,1,1,1,1,0,0,0,0,1,1
CBOE,BGC Partners Inc,5,5,5,5,0,5,0,5,5,5,5,5,5,5,5,5,0,5,5,5,5,5,5,5,0,0,0,0,5,5
CBOE,Cboe Global Markets Inc,47,47,47,47,47,10,36,47,47,47,47,41,14,14,47,47,0,47,47,47,47,41,47,47,0,0,0,0,47,47
CBOE,Intercontinental Exchange Inc,3,3,3,3,3,3,2,3,3,3,3,3,3,3,3,3,0,3,3,3,3,3,3,3,0,0,0,0,3,3
CBOE,London Stock Exchange Group PLC,1,1,1,1,1,1,0,1,1,1,1,1,1,1,1,1,0,1,1,1,1,1,1,1,0,0,0,0,1,1
CBOE,Marketaxess Holdings Inc,2,2,2,2,2,2,2,2,2,2,2,2,2,2,2,2,0,2,2,2,2,2,2,2,0,0,0,0,2,2
CBOE,Moody's Corp,1,1,1,1,1,1,1,1,1,1,1,0,0,0,1,1,0,1,1,1,1,0,1,1,0,0,0,0,1,1
CBOE,Nasdaq Inc,2,2,2,2,2,2,1,2,2,2,2,1,1,1,2,2,0,2,2,2,2,1,2,2,0,0,0,0,2,2
CBOE,S&P Global Inc,1,1,1,1,1,1,1,1,1,1,1,0,0,0,1,1,0,1,1,1,1,0,1,1,0,0,0,0,1,1
CBOE,TD Ameritrade Holding Corp,3,3,3,3,0,3,0,3,3,3,3,3,3,3,3,3,0,3,3,3,3,3,3,3,0,0,0,0,3,3
CBOE,Tradeweb Markets Inc,4,4,4,4,4,4,2,4,4,4,4,2,2,2,4,4,0,4,4,4,4,2,4,4,0,0,0,0,4,4
CBOE,Virtu Financial Inc,2,2,2,2,2,2,0,2,2,2,2,2,2,2,2,2,0,2,2,2,2,2,2,2,0,0,0,0,2,2
CCI,AMC Networks Inc,2,2,2,2,0,2,0,2,2,2,2,2,2,2,2,2,0,2,2,2,2,2,2,2,0,0,0,0,2,2
CCI,AT&T Inc,4,4,4,4,4,4,0,4,4,4,4,4,4,4,4,4,0,4,4,4,4,4,4,4,0,0,0,0,4,4
CCI,Advance Auto Parts Inc,1,1,1,1,0,1,0,1,1,1,1,0,0,0,1,1,0,1,1,1,1,0,1,1,0,0,0,0,1,1
CCI,Akamai Technologies Inc,6,6,6,6,5,6,0,6,6,6,6,6,5,5,6,6,0,6,6,6,6,6,6,6,0,0,0,0,6,6
CCI,Albemarle Corp,1,1,1,1,1,1,0,1,1,1,1,0,0,0,1,1,0,1,1,1,1,0,1,1,0,0,0,0,1,1
CCI,Alnylam Pharmaceuticals Inc,1,1,1,1,0,1,0,1,1,1,1,0,0,0,1,1,0,1,1,1,1,0,1,1,0,0,0,0,1,1
CCI,Altaba Inc,3,3,3,3,0,3,0,3,3,3,3,3,3,3,3,3,0,3,3,3,3,3,3,3,0,0,0,0,3,3
CCI,Altice Europe NV,1,1,1,1,0,1,0,1,1,1,1,1,1,1,1,1,0,1,1,1,1,1,1,1,0,0,0,0,1,1
CCI,Altice USA Inc,3,3,3,3,2,3,0,3,3,3,3,3,3,3,3,3,0,3,3,3,3,3,3,3,0,0,0,0,3,3
CCI,Amazon.com Inc,1,1,1,1,1,1,0,1,1,1,1,1,1,1,1,1,0,1,1,1,1,1,1,1,0,0,0,0,1,1
CCI,American Tower Corp,92,92,92,92,2,92,0,92,92,92,92,91,89,89,92,92,0,92,92,92,92,91,92,92,0,0,0,0,92,92
CCI,Apple Inc,6,6,6,6,0,6,0,6,6,6,6,6,6,6,6,6,0,6,6,6,6,6,6,6,0,0,0,0,6,6
CCI,Aurinia Pharmaceuticals Inc,1,1,1,1,1,1,0,1,1,1,1,0,0,0,1,1,0,1,1,1,1,0,1,1,0,0,0,0,1,1
CCI,Autodesk Inc,1,1,1,1,1,1,0,1,1,1,1,0,0,0,1,1,0,1,1,1,1,0,1,1,0,0,0,0,1,1
CCI,Axiata Group Bhd,1,1,1,1,1,1,0,1,1,1,1,1,1,1,1,1,0,1,1,1,1,1,1,1,0,0,0,0,1,1
CCI,Barrick Gold Corp,1,1,1,1,0,1,0,1,1,1,1,1,0,0,1,1,0,1,1,1,1,1,1,1,0,0,0,0,1,1
CCI,Broadcom Inc,1,1,1,1,1,1,0,1,1,1,1,1,0,0,1,1,0,1,1,1,1,1,1,1,0,0,0,0,1,1
CCI,CH Robinson Worldwide Inc,1,1,1,1,1,1,0,1,1,1,1,0,0,0,1,1,0,1,1,1,1,0,1,1,0,0,0,0,1,1
CCI,CK Hutchison Holdings Ltd,2,2,2,2,0,2,0,2,2,2,2,2,2,2,2,2,0,2,2,2,2,2,2,2,0,0,0,0,2,2
CCI,Callon Petroleum Co,1,1,1,1,1,1,0,1,1,1,1,1,0,0,1,1,0,1,1,1,1,1,1,1,0,0,0,0,1,1
CCI,Canadian National Railway Co,1,1,1,1,1,1,0,1,1,1,1,1,0,0,1,1,0,1,1,1,1,1,1,1,0,0,0,0,1,1
CCI,Cellnex Telecom SA,2,2,2,2,2,2,0,2,2,2,2,2,2,2,2,2,0,2,2,2,2,2,2,2,0,0,0,0,2,2
CCI,Centurylink Inc,1,1,1,1,1,1,0,1,1,1,1,1,1,1,1,1,0,1,1,1,1,1,1,1,0,0,0,0,1,1
CCI,Charter Communications Inc,1,1,1,1,1,1,0,1,1,1,1,1,1,1,1,1,0,1,1,1,1,1,1,1,0,0,0,0,1,1
CCI,China Telecom Corp Ltd,1,1,1,1,0,1,0,1,1,1,1,1,1,1,1,1,0,1,1,1,1,1,1,1,0,0,0,0,1,1
CCI,Cision Ltd,1,1,1,1,1,1,0,1,1,1,1,1,0,0,1,1,0,1,1,1,1,1,1,1,0,0,0,0,1,1
CCI,Cogent Communications Holdings Inc,2,2,2,2,2,2,0,2,2,2,2,2,2,2,2,2,0,2,2,2,2,2,2,2,0,0,0,0,2,2
CCI,Comcast Corp,6,6,6,6,6,6,0,6,6,6,6,6,6,6,6,6,0,6,6,6,6,6,6,6,0,0,0,0,6,6
CCI,Crown Castle International Corp,72,72,72,72,70,9,37,72,72,72,72,55,30,22,72,72,0,72,72,72,72,55,72,72,0,0,0,0,72,72
CCI,EnerSys,1,1,1,1,1,1,0,1,1,1,1,1,0,0,1,1,0,1,1,1,1,1,1,1,0,0,0,0,1,1
CCI,Ensign Group Inc,1,1,1,1,1,1,0,1,1,1,1,1,0,0,1,1,0,1,1,1,1,1,1,1,0,0,0,0,1,1
CCI,Equinix Inc,1,1,1,1,1,1,0,1,1,1,1,1,1,1,1,1,0,1,1,1,1,1,1,1,0,0,0,0,1,1
CCI,Fastly Inc,1,1,1,1,1,1,0,1,1,1,1,1,1,1,1,1,0,1,1,1,1,1,1,1,0,0,0,0,1,1
CCI,GTT Communications Inc,2,2,2,2,2,2,1,2,2,2,2,2,1,2,2,2,0,2,2,2,2,2,2,2,0,0,0,0,2,2
CCI,Goodrich Petroleum Corp,1,1,1,1,1,1,0,1,1,1,1,1,0,0,1,1,0,1,1,1,1,1,1,1,0,0,0,0,1,1
CCI,Harpoon Therapeutics Inc,1,1,1,1,1,1,0,1,1,1,1,1,0,0,1,1,0,1,1,1,1,1,1,1,0,0,0,0,1,1
CCI,InterXion Holding NV,2,2,2,2,2,2,0,2,2,2,2,2,2,2,2,2,0,2,2,2,2,2,2,2,0,0,0,0,2,2
CCI,Lite-On Technology Corp,3,3,3,3,0,3,0,3,3,3,3,3,2,2,3,3,0,3,3,3,3,3,3,3,0,0,0,0,3,3
CCI,Lululemon Athletica Inc,1,1,1,1,1,1,0,1,1,1,1,1,0,0,1,1,0,1,1,1,1,1,1,1,0,0,0,0,1,1
CCI,Microsoft Corp,2,2,2,2,2,2,0,2,2,2,2,2,2,2,2,2,0,2,2,2,2,2,2,2,0,0,0,0,2,2
CCI,Mitsubishi UFJ Financial Group Inc,1,1,1,1,0,1,0,1,1,1,1,1,1,1,1,1,0,1,1,1,1,1,1,1,0,0,0,0,1,1
CCI,Netflix Inc,1,1,1,1,1,1,0,1,1,1,1,1,1,1,1,1,0,1,1,1,1,1,1,1,0,0,0,0,1,1
CCI,Northview Apartment REIT,1,1,1,1,1,1,0,1,1,1,1,1,1,1,1,1,0,1,1,1,1,1,1,1,0,0,0,0,1,1
CCI,NortonLifeLock Inc,2,2,2,2,2,2,0,2,2,2,2,2,1,1,2,2,0,2,2,2,2,2,2,2,0,0,0,0,2,2
CCI,SBA Communications Corp,1,1,1,1,1,1,0,1,1,1,1,1,0,0,1,1,0,1,1,1,1,1,1,1,0,0,0,0,1,1
CCI,Sprint Corp,6,6,6,6,6,6,0,6,6,6,6,6,6,6,6,6,0,6,6,6,6,6,6,6,0,0,0,0,6,6
CCI,T-Mobile US Inc,3,3,3,3,3,3,0,3,3,3,3,3,2,2,3,3,0,3,3,3,3,3,3,3,0,0,0,0,3,3
CCI,Tencent Holdings Ltd,1,1,1,1,0,1,0,1,1,1,1,1,1,1,1,1,0,1,1,1,1,1,1,1,0,0,0,0,1,1
CCI,Verizon Communications Inc,1,1,1,1,1,1,0,1,1,1,1,1,1,1,1,1,0,1,1,1,1,1,1,1,0,0,0,0,1,1
CCI,Vonage Holdings Corp,1,1,1,1,1,1,0,1,1,1,1,1,1,1,1,1,0,1,1,1,1,1,1,1,0,0,0,0,1,1
CCL,Accor SA,29,29,29,29,1,29,4,29,29,29,29,29,29,29,29,29,0,29,29,29,29,29,29,29,0,0,0,0,29,29
CCL,Advance Auto Parts Inc,2,2,2,2,1,2,0,2,2,2,2,2,1,1,2,2,0,2,2,2,2,2,2,2,0,0,0,0,2,2
CCL,BOK Financial Corp,1,1,1,1,1,1,0,1,1,1,1,1,0,0,1,1,0,1,1,1,1,1,1,1,0,0,0,0,1,1
CCL,Boyd Gaming Corp,2,2,2,2,2,2,0,2,2,2,2,2,2,2,2,2,0,2,2,2,2,2,2,2,0,0,0,0,2,2
CCL,Brunswick Corp,102,102,102,102,0,102,0,102,102,102,102,102,102,102,102,102,0,102,102,102,102,102,102,102,0,0,0,0,102,102
CCL,Build-A-Bear Workshop Inc,1,1,1,1,1,1,1,1,1,1,1,0,0,0,1,1,0,1,1,1,1,0,1,1,0,0,0,0,1,1
CCL,Carnival Corp,48,48,48,48,47,19,20,48,48,48,48,30,28,17,48,48,0,48,48,48,48,30,48,48,0,0,0,0,48,48
CCL,Carnival PLC,12,12,12,12,11,12,0,12,12,12,12,12,12,11,12,12,0,12,12,12,12,12,12,12,0,0,0,0,12,12
CCL,Cineworld Group PLC,1,1,1,1,1,1,0,1,1,1,1,1,1,1,1,1,0,1,1,1,1,1,1,1,0,0,0,0,1,1
CCL,Citizens Financial Group Inc,2,2,2,2,2,2,0,2,2,2,2,2,0,0,2,2,0,2,2,2,2,2,2,2,0,0,0,0,2,2
CCL,Compass Group PLC,1,1,1,1,1,1,0,1,1,1,1,1,1,1,1,1,0,1,1,1,1,1,1,1,0,0,0,0,1,1
CCL,Covestro AG,1,1,1,1,0,1,0,1,1,1,1,1,0,0,1,1,0,1,1,1,1,1,1,1,0,0,0,0,1,1
CCL,Dine Brands Global Inc,1,1,1,1,1,1,0,1,1,1,1,1,0,0,1,1,0,1,1,1,1,1,1,1,0,0,0,0,1,1
CCL,Habit Restaurants Inc,1,1,1,1,1,1,0,1,1,1,1,1,0,0,1,1,0,1,1,1,1,1,1,1,0,0,0,0,1,1
CCL,Harley-Davidson Inc,1,1,1,1,1,1,0,1,1,1,1,1,1,1,1,1,0,1,1,1,1,1,1,1,0,0,0,0,1,1
CCL,Hasbro Inc,1,1,1,1,1,1,0,1,1,1,1,1,1,1,1,1,0,1,1,1,1,1,1,1,0,0,0,0,1,1
CCL,Hyatt Hotels Corp,1,1,1,1,1,1,0,1,1,1,1,1,0,0,1,1,0,1,1,1,1,1,1,1,0,0,0,0,1,1
CCL,IAC/Interactivecorp,1,1,1,1,1,1,0,1,1,1,1,1,0,0,1,1,0,1,1,1,1,1,1,1,0,0,0,0,1,1
CCL,Mattel Inc,1,1,1,1,1,1,0,1,1,1,1,1,1,1,1,1,0,1,1,1,1,1,1,1,0,0,0,0,1,1
CCL,Merlin Entertainments Ltd,1,1,1,1,1,1,0,1,1,1,1,1,1,1,1,1,0,1,1,1,1,1,1,1,0,0,0,0,1,1
CCL,Microchip Technology Inc,1,1,1,1,1,1,0,1,1,1,1,1,0,0,1,1,0,1,1,1,1,1,1,1,0,0,0,0,1,1
CCL,Norwegian Cruise Line Holdings Ltd,5,5,5,5,5,5,0,5,5,5,5,5,5,5,5,5,0,5,5,5,5,5,5,5,0,0,0,0,5,5
CCL,Playtech PLC,1,1,1,1,1,1,0,1,1,1,1,1,1,1,1,1,0,1,1,1,1,1,1,1,0,0,0,0,1,1
CCL,Posco,1,1,1,1,0,1,0,1,1,1,1,1,0,0,1,1,0,1,1,1,1,1,1,1,0,0,0,0,1,1
CCL,Royal Caribbean Cruises Ltd,3,3,3,3,3,3,0,3,3,3,3,3,3,3,3,3,0,3,3,3,3,3,3,3,0,0,0,0,3,3
CCL,SSP Group PLC,4,4,4,4,4,4,0,4,4,4,4,4,4,4,4,4,0,4,4,4,4,4,4,4,0,0,0,0,4,4
CCL,SeaWorld Entertainment Inc,1,1,1,1,1,1,0,1,1,1,1,1,1,1,1,1,0,1,1,1,1,1,1,1,0,0,0,0,1,1
CCL,TUI AG,1,1,1,1,1,1,0,1,1,1,1,1,1,1,1,1,0,1,1,1,1,1,1,1,0,0,0,0,1,1
CCL,Trustmark Corp,1,1,1,1,1,1,0,1,1,1,1,1,0,0,1,1,0,1,1,1,1,1,1,1,0,0,0,0,1,1
CCL,Umpqua Holdings Corp,1,1,1,1,1,1,0,1,1,1,1,1,0,0,1,1,0,1,1,1,1,1,1,1,0,0,0,0,1,1
CCL,Vail Resorts Inc,13,13,13,13,13,13,0,13,13,13,13,13,13,13,13,13,0,13,13,13,13,13,13,13,0,0,0,0,13,13
CCL,Whitbread PLC,1,1,1,1,1,1,1,1,1,1,1,1,1,1,1,1,0,1,1,1,1,1,1,1,0,0,0,0,1,1
DD,Ashland Global Holdings Inc.,2,2,2,2,0,2,2,2,2,2,2,2,2,2,2,2,0,2,2,2,2,2,2,2,0,0,0,0,2,2
DD,BASF SE,4,4,4,4,3,4,2,4,4,4,4,4,4,4,4,4,0,4,4,4,4,4,4,4,0,0,0,0,4,4
DD,Bank of New York Mellon Corp,1,1,1,1,1,0,0,1,1,1,1,1,0,0,1,1,0,1,1,1,1,1,1,1,0,0,0,0,1,1
DD,CVR Partners LP,1,1,1,1,1,1,1,1,1,1,1,1,0,0,1,1,0,1,1,1,1,1,1,1,0,0,0,0,1,1
DD,Chemours Co,1,1,1,1,1,1,1,1,1,1,1,1,1,1,1,1,0,1,1,1,1,1,1,1,0,0,0,0,1,1
DD,Covestro AG,5,5,5,5,5,5,5,5,5,5,5,5,5,5,5,5,0,5,5,5,5,5,5,5,0,0,0,0,5,5
DD,Dupont De Nemours Inc,102,102,102,102,101,13,99,102,102,102,102,100,79,61,102,102,0,102,102,102,102,100,102,102,0,0,0,0,102,102
DD,Elementis PLC,5,5,5,5,5,5,5,5,5,5,5,5,5,5,5,5,0,5,5,5,5,5,5,5,0,0,0,0,5,5
DD,FMC Corp,5,5,5,5,5,5,5,5,5,5,5,5,5,5,5,5,0,5,5,5,5,5,5,5,0,0,0,0,5,5
DD,Novozymes A/S,1,1,1,1,1,1,1,1,1,1,1,1,1,1,1,1,0,1,1,1,1,1,1,1,0,0,0,0,1,1
DD,SIG Combibloc Group AG,1,1,1,1,1,1,1,1,1,1,1,1,1,1,1,1,0,1,1,1,1,1,1,1,0,0,0,0,1,1
DD,Saudi Basic Industries Corporation SJSC,2,2,2,2,0,2,2,2,2,2,2,2,2,2,2,2,0,2,2,2,2,2,2,2,0,0,0,0,2,2
DD,Shin-Etsu Chemical Co Ltd,1,1,1,1,1,1,1,1,1,1,1,1,1,1,1,1,0,1,1,1,1,1,1,1,0,0,0,0,1,1
DD,U.S. Silica Holdings Inc,1,1,1,1,1,1,1,1,1,1,1,1,0,0,1,1,0,1,1,1,1,1,1,1,0,0,0,0,1,1
DD,Wanhua Chemical Group Co Ltd,1,1,1,1,1,1,0,1,1,1,1,1,1,1,1,1,0,1,1,1,1,1,1,1,0,0,0,0,1,1
DLR,AT&T Inc,1,1,1,1,1,1,1,1,1,1,1,1,1,1,1,1,0,1,1,1,1,1,1,1,0,0,0,0,1,1
DLR,Atco Ltd,1,1,1,1,0,1,1,1,1,1,1,1,1,1,1,1,0,1,1,1,1,1,1,1,0,0,0,0,1,1
DLR,Cogent Communications Holdings Inc,1,1,1,1,1,1,1,1,1,1,1,1,1,1,1,1,0,1,1,1,1,1,1,1,0,0,0,0,1,1
DLR,CoreSite Realty Corp,3,3,3,3,3,3,3,3,3,3,3,3,1,2,3,3,0,3,3,3,3,3,3,3,0,0,0,0,3,3
DLR,CyrusOne Inc,20,20,20,20,19,20,10,20,20,20,20,20,10,9,20,20,0,20,20,20,20,20,20,20,0,0,0,0,20,20
DLR,Digital Realty Trust Inc,134,134,134,134,134,7,133,134,134,134,134,133,75,56,134,134,0,134,134,134,134,133,134,134,0,0,0,0,134,134
DLR,Equinix Inc,7,7,7,7,7,7,4,7,7,7,7,7,5,5,7,7,0,7,7,7,7,7,7,7,0,0,0,0,7,7
DLR,InterXion Holding NV,2,2,2,2,2,2,0,2,2,2,2,2,1,1,2,2,0,2,2,2,2,2,2,2,0,0,0,0,2,2
DLR,Limelight Networks Inc,1,1,1,1,1,1,1,1,1,1,1,1,0,0,1,1,0,1,1,1,1,1,1,1,0,0,0,0,1,1
DLR,Megaport Ltd,1,1,1,1,1,1,1,1,1,1,1,1,0,1,1,1,0,1,1,1,1,1,1,1,0,0,0,0,1,1
DLR,NEXTDC Ltd,1,1,1,1,1,1,1,1,1,1,1,1,0,0,1,1,0,1,1,1,1,1,1,1,0,0,0,0,1,1
DLR,QTS Realty Trust Inc,1,1,1,1,1,1,1,1,1,1,1,1,1,1,1,1,0,1,1,1,1,1,1,1,0,0,0,0,1,1
DRE,Americold Realty Trust,1,1,1,1,1,1,0,1,1,1,1,1,1,1,1,1,0,1,1,1,1,1,1,1,0,0,0,0,1,1
DRE,Brixmor Property Group Inc,1,1,1,1,1,1,0,1,1,1,1,1,1,1,1,1,0,1,1,1,1,1,1,1,0,0,0,0,1,1
DRE,DCT Industrial Trust Inc,1,1,1,1,1,1,1,1,1,1,1,1,1,1,1,1,0,1,1,1,1,1,1,1,0,0,0,0,1,1
DRE,Duke Realty Corp,115,115,115,115,113,14,106,115,115,115,115,107,46,38,115,115,0,115,115,115,115,107,115,115,0,0,0,0,115,115
DRE,Federal Realty Investment Trust,1,1,1,1,1,1,0,1,1,1,1,1,1,1,1,1,0,1,1,1,1,1,1,1,0,0,0,0,1,1
DRE,Healthcare Trust Of America Inc,2,2,2,2,2,2,2,2,2,2,2,2,2,2,2,2,0,2,2,2,2,2,2,2,0,0,0,0,2,2
DRE,Innovative Industrial Properties Inc,1,1,1,1,1,1,1,1,1,1,1,1,1,1,1,1,0,1,1,1,1,1,1,1,0,0,0,0,1,1
DRE,Liberty Property Trust,1,1,1,1,1,1,1,1,1,1,1,1,1,1,1,1,0,1,1,1,1,1,1,1,0,0,0,0,1,1
DRE,Prologis Inc,2,2,2,2,2,2,1,2,2,2,2,2,2,2,2,2,0,2,2,2,2,2,2,2,0,0,0,0,2,2
DRE,Terreno Realty Corp,2,2,2,2,2,2,2,2,2,2,2,2,2,2,2,2,0,2,2,2,2,2,2,2,0,0,0,0,2,2
EI,AmorePacific Corp,1,1,1,1,1,1,1,1,1,1,1,1,1,1,1,1,0,1,1,1,1,1,1,1,0,0,0,0,1,1
EI,Beiersdorf AG,1,1,1,1,0,1,0,1,1,1,1,1,0,0,1,1,0,1,1,1,1,1,1,1,0,0,0,0,1,1
EI,Burlington Stores Inc,1,1,1,1,0,1,1,1,1,1,1,1,1,1,1,1,0,1,1,1,1,1,1,1,0,0,0,0,1,1
EI,Canada Goose Holdings Inc,1,1,1,1,1,1,1,1,1,1,1,1,1,1,1,1,0,1,1,1,1,1,1,1,0,0,0,0,1,1
EI,Capri Holdings Ltd,1,1,1,1,1,1,1,1,1,1,1,1,1,1,1,1,0,1,1,1,1,1,1,1,0,0,0,0,1,1
EI,Constellation Brands Inc,1,1,1,1,1,1,1,1,1,1,1,1,1,1,1,1,0,1,1,1,1,1,1,1,0,0,0,0,1,1
EI,Davide Campari Milano SpA,1,1,1,1,1,1,1,1,1,1,1,1,1,1,1,1,0,1,1,1,1,1,1,1,0,0,0,0,1,1
EI,Diageo PLC,2,2,2,2,2,2,0,2,2,2,2,2,2,2,2,2,0,2,2,2,2,2,2,2,0,0,0,0,2,2
EI,Estee Lauder Companies Inc,273,273,273,273,273,14,269,273,273,273,273,260,198,192,272,273,0,273,273,273,273,260,273,273,0,0,0,0,273,273
EI,Foot Locker Inc,1,1,1,1,1,1,1,1,1,1,1,1,1,1,1,1,0,1,1,1,1,1,1,1,0,0,0,0,1,1
EI,Gap Inc,1,1,1,1,1,1,1,1,1,1,1,1,0,0,1,1,0,1,1,1,1,1,1,1,0,0,0,0,1,1
EI,Interparfums SA,4,4,4,4,4,4,4,4,4,4,4,4,0,1,4,4,0,4,4,4,4,4,4,4,0,0,0,0,4,4
EI,Kimberly-Clark Corp,1,1,1,1,1,1,1,1,1,1,1,1,1,1,1,1,0,1,1,1,1,1,1,1,0,0,0,0,1,1
EI,L'Oreal SA,3,3,3,3,3,3,3,3,3,3,3,3,3,3,3,3,0,3,3,3,3,3,3,3,0,0,0,0,3,3
EI,LG Household & Healthcare Ltd,2,2,2,2,0,2,2,2,2,2,2,2,2,2,2,2,0,2,2,2,2,2,2,2,0,0,0,0,2,2
EI,Macy's Inc,1,1,1,1,1,1,1,1,1,1,1,1,1,1,1,1,0,1,1,1,1,1,1,1,0,0,0,0,1,1
EI,Monster Beverage Corp,2,2,2,2,2,2,2,2,2,2,2,2,2,2,2,2,0,2,2,2,2,2,2,2,0,0,0,0,2,2
EI,Pernod Ricard SA,1,1,1,1,1,1,1,1,1,1,1,1,1,1,1,1,0,1,1,1,1,1,1,1,0,0,0,0,1,1
EI,Procter & Gamble Co,1,1,1,1,1,1,1,1,1,1,1,1,1,1,1,1,0,1,1,1,1,1,1,1,0,0,0,0,1,1
EI,Ulta Beauty Inc,7,7,7,7,7,7,7,7,7,7,7,7,7,7,7,7,0,7,7,7,7,7,7,7,0,0,0,0,7,7
EI,VF Corp,1,1,1,1,1,1,1,1,1,1,1,1,1,1,1,1,0,1,1,1,1,1,1,1,0,0,0,0,1,1
EQIX,Consolidated Communications Holdings Inc,1,1,1,1,1,1,1,1,1,1,1,1,0,0,1,1,0,1,1,1,1,1,1,1,0,0,0,0,1,1
EQIX,CoreSite Realty Corp,1,1,1,1,1,1,1,1,1,1,1,1,0,1,1,1,0,1,1,1,1,1,1,1,0,0,0,0,1,1
EQIX,CyrusOne Inc,3,3,3,3,2,3,2,3,3,3,3,3,3,3,3,3,0,3,3,3,3,3,3,3,0,0,0,0,3,3
EQIX,Equinix Inc,170,170,170,170,170,10,170,170,170,170,170,169,92,70,170,170,0,170,170,170,170,169,170,170,0,0,0,0,170,170
EQIX,GDS Holdings Ltd,1,1,1,1,1,1,1,1,1,1,1,1,1,1,1,1,0,1,1,1,1,1,1,1,0,0,0,0,1,1
EQIX,InterXion Holding NV,14,14,14,14,14,14,1,14,14,14,14,14,11,11,14,14,0,14,14,14,14,14,14,14,0,0,0,0,14,14
EQIX,Limelight Networks Inc,1,1,1,1,1,1,1,1,1,1,1,1,0,0,1,1,0,1,1,1,1,1,1,1,0,0,0,0,1,1
EQIX,QTS Realty Trust Inc,2,2,2,2,2,2,2,2,2,2,2,2,1,1,2,2,0,2,2,2,2,2,2,2,0,0,0,0,2,2
EQIX,Switch Inc,2,2,2,2,2,2,2,2,2,2,2,2,2,2,2,2,0,2,2,2,2,2,2,2,0,0,0,0,2,2
EQIX,T-Mobile US Inc,1,1,1,1,1,1,1,1,1,1,1,1,1,1,1,1,0,1,1,1,1,1,1,1,0,0,0,0,1,1
EQIX,Verizon Communications Inc,2,2,2,2,2,2,2,2,2,2,2,2,0,0,2,2,0,2,2,2,2,2,2,2,0,0,0,0,2,2
EQIX,Zayo Group Holdings Inc,1,1,1,1,1,1,1,1,1,1,1,1,1,1,1,1,0,1,1,1,1,1,1,1,0,0,0,0,1,1
EQR,Boston Properties Inc,2,2,2,2,2,2,0,2,2,2,2,2,1,2,2,2,0,2,2,2,2,2,2,2,0,0,0,0,2,2
EQR,Equity Residential,123,123,123,123,123,4,120,123,123,123,123,120,55,55,123,123,0,123,123,123,123,120,123,123,0,0,0,0,123,123
EQR,Essex Property Trust Inc,1,1,1,1,1,1,1,1,1,1,1,1,1,1,1,1,0,1,1,1,1,1,1,1,0,0,0,0,1,1
ESS,Brixmor Property Group Inc,1,1,1,1,1,1,0,1,1,1,1,1,0,0,1,1,0,1,1,1,1,1,1,1,0,0,0,0,1,1
ESS,Camden Property Trust,2,2,2,2,2,2,1,2,2,2,2,2,1,1,2,2,0,2,2,2,2,2,2,2,0,0,0,0,2,2
ESS,Essex Property Trust Inc,141,141,141,141,141,0,141,141,141,141,141,138,67,67,141,141,0,141,141,141,141,138,141,141,0,0,0,0,141,141
ESS,Kennedy-Wilson Holdings Inc,2,2,2,2,2,2,2,2,2,2,2,2,0,0,2,2,0,2,2,2,2,2,2,2,0,0,0,0,2,2
ESS,Welltower Inc,1,1,1,1,1,1,1,1,1,1,1,1,1,1,1,1,0,1,1,1,1,1,1,1,0,0,0,0,1,1
ETN,Acuity Brands Inc,2,2,2,2,2,2,2,2,2,2,2,1,1,1,2,2,0,2,2,2,2,1,2,2,0,0,0,0,2,2
ETN,Ceragon Networks Ltd,1,1,1,1,1,1,0,1,1,1,1,0,0,0,1,1,0,1,1,1,1,0,1,1,0,0,0,0,1,1
ETN,Eaton Corporation PLC,194,194,194,194,194,19,181,194,194,194,194,181,135,116,194,194,0,194,194,194,194,181,194,194,0,0,0,0,194,194
ETN,Genasys Inc,1,1,1,1,1,1,1,1,1,1,1,1,1,1,1,1,0,1,1,1,1,1,1,1,0,0,0,0,1,1
ETN,Itron Inc,1,1,1,1,1,1,1,1,1,1,1,1,0,0,1,1,0,1,1,1,1,1,1,1,0,0,0,0,1,1
ETN,Kennametal Inc,2,2,2,2,2,2,2,2,2,2,2,2,2,2,2,2,0,2,2,2,2,2,2,2,0,0,0,0,2,2
ETN,Raytheon Technologies Corp,1,1,1,1,1,1,1,1,1,1,1,1,1,1,1,1,0,1,1,1,1,1,1,1,0,0,0,0,1,1
ETN,TransDigm Group Inc,1,1,1,1,1,1,1,1,1,1,1,1,1,1,1,1,0,1,1,1,1,1,1,1,0,0,0,0,1,1
EVRG,Evergy Inc,6,6,6,6,6,0,0,6,6,6,6,6,2,1,6,6,0,6,6,6,6,6,6,6,0,0,0,0,6,6
EXR,Abacus Property Group,1,1,1,1,1,1,0,1,1,1,1,1,0,0,1,1,0,1,1,1,1,1,1,1,0,0,0,0,1,1
EXR,Americold Realty Trust,1,1,1,1,1,1,0,1,1,1,1,1,1,1,1,1,0,1,1,1,1,1,1,1,0,0,0,0,1,1
EXR,CubeSmart,18,18,18,18,18,18,8,18,18,18,18,17,17,17,18,18,0,18,18,18,18,17,18,18,0,0,0,0,18,18
EXR,Equity LifeStyle Properties Inc,1,1,1,1,1,1,1,1,1,1,1,1,1,1,1,1,0,1,1,1,1,1,1,1,0,0,0,0,1,1
EXR,Extra Space Storage Inc,95,95,95,95,92,13,88,95,95,95,95,94,51,43,95,95,0,95,95,95,95,94,95,95,0,0,0,0,95,95
EXR,Life Storage Inc,8,8,8,8,8,8,6,8,8,8,8,8,5,5,8,8,0,8,8,8,8,8,8,8,0,0,0,0,8,8
EXR,Public Storage,2,2,2,2,2,2,2,2,2,2,2,1,1,1,2,2,0,2,2,2,2,1,2,2,0,0,0,0,2,2
FOX,Fox Corp,5,5,5,5,5,1,5,5,5,5,5,4,4,3,5,5,0,5,5,5,5,4,5,5,5,0,0,0,5,5
FRT,Acadia Realty Trust,1,1,1,1,1,1,1,1,1,1,1,1,1,1,1,1,0,1,1,1,1,1,1,1,0,0,0,0,1,1
FRT,Brixmor Property Group Inc,2,2,2,2,2,2,2,2,2,2,2,2,2,2,2,2,0,2,2,2,2,2,2,2,0,0,0,0,2,2
FRT,Federal Realty Investment Trust,105,105,105,105,105,5,98,105,105,105,105,95,36,36,105,105,0,105,105,105,105,95,105,105,0,0,0,0,105,105
FRT,Mack-Cali Realty Corp,1,1,1,1,1,1,1,1,1,1,1,1,1,1,1,1,0,1,1,1,1,1,1,1,0,0,0,0,1,1
FRT,Weingarten Realty Investors,1,1,1,1,1,1,1,1,1,1,1,1,1,1,1,1,0,1,1,1,1,1,1,1,0,0,0,0,1,1
FTI,Aker BP ASA,2,2,2,2,2,2,0,2,2,2,2,2,2,2,2,2,0,2,2,2,2,2,2,2,0,0,0,0,2,2
FTI,Aker Solutions ASA,10,10,10,10,3,10,8,10,10,10,10,10,3,3,10,10,0,10,10,10,10,10,10,10,0,0,0,0,10,10
FTI,Amerisur Resources Ltd,1,1,1,1,1,1,0,1,1,1,1,1,1,1,1,1,0,1,1,1,1,1,1,1,0,0,0,0,1,1
FTI,Baker Hughes Co,6,6,6,6,4,6,5,6,6,6,6,6,4,4,6,6,0,6,6,6,6,6,6,6,0,0,0,0,6,6
FTI,British American Tobacco PLC,1,1,1,1,0,1,1,1,1,1,1,1,1,1,1,1,0,1,1,1,1,1,1,1,0,0,0,0,1,1
FTI,C&J Energy Services Inc,1,1,1,1,1,1,0,1,1,1,1,1,0,0,1,1,0,1,1,1,1,1,1,1,0,0,0,0,1,1
FTI,Cactus Inc,1,1,1,1,1,1,1,1,1,1,1,1,0,0,1,1,0,1,1,1,1,1,1,1,0,0,0,0,1,1
FTI,Cairn Energy PLC,1,1,1,1,1,1,0,1,1,1,1,1,1,1,1,1,0,1,1,1,1,1,1,1,0,0,0,0,1,1
FTI,Covia Holdings Corp,1,1,1,1,1,1,1,1,1,1,1,1,1,1,1,1,0,1,1,1,1,1,1,1,0,0,0,0,1,1
FTI,Dril-Quip Inc,1,1,1,1,1,1,0,1,1,1,1,1,1,1,1,1,0,1,1,1,1,1,1,1,0,0,0,0,1,1
FTI,Ferrovial SA,1,1,1,1,1,1,1,1,1,1,1,1,0,0,1,1,0,1,1,1,1,1,1,1,0,0,0,0,1,1
FTI,Forum Energy Technologies Inc,1,1,1,1,1,1,1,1,1,1,1,1,1,1,1,1,0,1,1,1,1,1,1,1,0,0,0,0,1,1
FTI,Gaztransport et Technigaz SA,1,1,1,1,1,1,1,1,1,1,1,1,0,0,1,1,0,1,1,1,1,1,1,1,0,0,0,0,1,1
FTI,Halliburton Co,3,3,3,3,3,3,3,3,3,3,3,3,3,3,3,3,0,3,3,3,3,3,3,3,0,0,0,0,3,3
FTI,Helix Energy Solutions Group Inc,1,1,1,1,1,1,1,1,1,1,1,1,1,1,1,1,0,1,1,1,1,1,1,1,0,0,0,0,1,1
FTI,Helmerich and Payne Inc,2,2,2,2,2,2,2,2,2,2,2,2,2,2,2,2,0,2,2,2,2,2,2,2,0,0,0,0,2,2
FTI,Independence Contract Drilling Inc,1,1,1,1,1,1,1,1,1,1,1,1,1,1,1,1,0,1,1,1,1,1,1,1,0,0,0,0,1,1
FTI,Itron Inc,1,1,1,1,1,1,1,1,1,1,1,1,0,0,1,1,0,1,1,1,1,1,1,1,0,0,0,0,1,1
FTI,Nabors Industries Ltd,1,1,1,1,1,1,1,1,1,1,1,1,1,1,1,1,0,1,1,1,1,1,1,1,0,0,0,0,1,1
FTI,National Oilwell Varco Inc,1,1,1,1,1,1,1,1,1,1,1,1,1,1,1,1,0,1,1,1,1,1,1,1,0,0,0,0,1,1
FTI,Nextier Oilfield Solutions Inc,1,1,1,1,1,1,1,1,1,1,1,1,1,1,1,1,0,1,1,1,1,1,1,1,0,0,0,0,1,1
FTI,Novatek PAO,1,1,1,1,1,1,1,1,1,1,1,1,1,1,1,1,0,1,1,1,1,1,1,1,0,0,0,0,1,1
FTI,Oceaneering International Inc,1,1,1,1,1,1,1,1,1,1,1,1,1,1,1,1,0,1,1,1,1,1,1,1,0,0,0,0,1,1
FTI,Offshore Oil Engineering Co Ltd,2,2,2,2,1,2,2,2,1,2,2,2,2,2,2,2,0,2,2,2,2,2,2,2,0,0,0,0,2,2
FTI,Outokumpu Oyj,1,1,1,1,1,1,1,1,1,1,1,1,1,1,1,1,0,1,1,1,1,1,1,1,0,0,0,0,1,1
FTI,Petrofac Ltd,1,1,1,1,1,1,0,1,1,1,1,1,1,1,1,1,0,1,1,1,1,1,1,1,0,0,0,0,1,1
FTI,ProPetro Holding Corp,1,1,1,1,1,1,1,1,1,1,1,1,1,1,1,1,0,1,1,1,1,1,1,1,0,0,0,0,1,1
FTI,RPC Inc,1,1,1,1,1,1,1,1,1,1,1,1,1,1,1,1,0,1,1,1,1,1,1,1,0,0,0,0,1,1
FTI,SPT Energy Group Inc,1,1,1,1,0,1,0,1,0,1,1,1,0,0,1,1,0,1,1,1,1,1,1,1,0,0,0,0,1,1
FTI,Saipem SpA,9,9,9,9,9,9,3,9,9,9,9,9,8,8,9,9,0,9,9,9,9,9,9,9,0,0,0,0,9,9
FTI,Samsung Engineering Co Ltd,1,1,1,1,0,1,1,1,1,1,1,1,1,1,1,1,0,1,1,1,1,1,1,1,0,0,0,0,1,1
FTI,Schlumberger NV,4,4,4,4,4,4,4,4,4,4,4,3,3,3,4,4,0,4,4,4,4,3,4,4,0,0,0,0,4,4
FTI,Seadrill Ltd,1,1,1,1,1,1,1,1,1,1,1,1,1,1,1,1,0,1,1,1,1,1,1,1,0,0,0,0,1,1
FTI,Solaris Oilfield Infrastructure Inc,1,1,1,1,1,1,1,1,1,1,1,1,1,1,1,1,0,1,1,1,1,1,1,1,0,0,0,0,1,1
FTI,Subsea 7 SA,11,11,11,11,11,11,11,11,11,11,11,11,9,9,11,11,0,11,11,11,11,11,11,11,0,0,0,0,11,11
FTI,Superior Energy Services Inc,2,2,2,2,2,2,2,2,2,2,2,2,2,2,2,2,0,2,2,2,2,2,2,2,0,0,0,0,2,2
FTI,TechnipFMC PLC,301,301,301,301,301,49,292,301,301,301,301,288,218,184,301,301,0,301,301,301,301,288,301,301,0,0,0,0,301,301
FTI,Tenaris SA,1,1,1,1,1,1,1,1,1,1,1,1,1,1,1,1,0,1,1,1,1,1,1,1,0,0,0,0,1,1
FTI,Transocean Ltd,1,1,1,1,1,1,1,1,1,1,1,1,1,1,1,1,0,1,1,1,1,1,1,1,0,0,0,0,1,1
FTI,Vallourec SA,2,2,2,2,2,2,2,2,2,2,2,2,2,2,2,2,0,2,2,2,2,2,2,2,0,0,0,0,2,2
FTI,thyssenkrupp AG,1,1,1,1,1,1,1,1,1,1,1,1,1,1,1,1,0,1,1,1,1,1,1,1,0,0,0,0,1,1
GL,Globe Life Inc,47,47,47,47,47,1,46,47,47,47,47,44,15,15,47,47,0,47,47,47,47,44,47,47,0,0,0,0,47,47
GRMN,Clarion Co Ltd,1,1,1,1,1,1,1,1,1,1,1,1,1,1,1,1,0,1,1,1,1,1,1,1,0,0,0,0,1,1
GRMN,Crossfirst Bankshares Inc,1,1,1,1,1,1,1,1,1,1,1,1,1,1,1,1,0,1,1,1,1,1,1,1,0,0,0,0,1,1
GRMN,Garmin Ltd,95,95,95,95,95,1,95,95,95,95,95,94,54,32,95,95,0,95,95,95,95,94,95,95,0,0,0,0,95,95
GRMN,Iridium Communications Inc,1,1,1,1,1,1,1,1,1,1,1,1,1,0,1,1,0,1,1,1,1,1,1,1,0,0,0,0,1,1
HPE (1),Anavex Life Sciences Corp,1,1,1,1,1,1,0,1,1,1,1,0,0,0,1,1,0,1,1,1,1,0,1,1,0,0,0,0,1,1
HPE (1),Capstone Turbine Corp,1,1,1,1,1,1,0,1,1,1,1,0,0,0,1,1,0,1,1,1,1,0,1,1,0,0,0,0,1,1
HPE (1),Cheesecake Factory Inc,1,1,1,1,1,1,0,1,1,1,1,0,0,0,1,1,0,1,1,1,1,0,1,1,0,0,0,0,1,1
HPE (1),Cray Inc,1,1,1,1,1,0,0,1,1,1,1,1,0,0,1,1,0,1,1,1,1,1,1,1,0,0,0,0,1,1
HPE (1),Dell Technologies Inc,5,5,5,5,5,5,3,5,5,5,5,5,3,3,5,5,0,5,5,5,5,5,5,5,0,0,0,0,5,5
HPE (1),Envision Solar International Inc,1,1,1,1,1,1,0,1,1,1,1,0,0,0,1,1,0,1,1,1,1,0,1,1,0,0,0,0,1,1
HPE (1),EuroDry Ltd,1,1,1,1,1,1,0,1,1,1,1,0,0,0,1,1,0,1,1,1,1,0,1,1,0,0,0,0,1,1
HPE (1),Hewlett Packard Enterprise Co,177,177,177,177,177,6,175,177,177,177,177,168,119,90,177,177,0,177,177,177,177,168,177,177,0,0,0,0,177,177
HPE (1),Mellanox Technologies Ltd,1,1,1,1,1,1,1,1,1,1,1,1,1,1,1,1,0,1,1,1,1,1,1,1,0,0,0,0,1,1
HPE (1),Micro Focus International PLC,2,2,2,2,2,2,2,2,2,2,2,2,2,2,2,2,0,2,2,2,2,2,2,2,0,0,0,0,2,2
HPE (1),NVIDIA Corp,1,1,1,1,1,1,1,1,1,1,1,1,1,1,1,1,0,1,1,1,1,1,1,1,0,0,0,0,1,1
HPE (1),NetApp Inc,5,5,5,5,5,5,5,5,5,5,5,5,5,5,5,5,0,5,5,5,5,5,5,5,0,0,0,0,5,5
HPE (1),New Age Beverages Corp,1,1,1,1,1,1,0,1,1,1,1,0,0,0,1,1,0,1,1,1,1,0,1,1,0,0,0,0,1,1
HPE (1),Nutanix Inc,3,3,3,3,3,3,3,3,3,3,3,3,3,3,3,3,0,3,3,3,3,3,3,3,0,0,0,0,3,3
HPE (1),Pure Storage Inc,2,2,2,2,2,2,2,2,2,2,2,2,2,2,2,2,0,2,2,2,2,2,2,2,0,0,0,0,2,2
HPE (1),SailPoint Technologies Holdings Inc,1,1,1,1,1,1,1,1,1,1,1,1,1,1,1,1,0,1,1,1,1,1,1,1,0,0,0,0,1,1
HPE (1),Seagate Technology PLC,1,1,1,1,1,1,1,1,1,1,1,1,1,1,1,1,0,1,1,1,1,1,1,1,0,0,0,0,1,1
HPE (1),Xerox Corp,1,1,1,1,0,1,1,1,1,1,1,1,1,1,1,1,0,1,1,1,1,1,1,1,0,0,0,0,1,1
HPE (1),iPass Inc,1,1,1,1,1,1,1,1,1,1,1,1,1,1,1,1,0,1,1,1,1,1,1,1,0,0,0,0,1,1
HST,Diamondrock Hospitality Co,1,1,1,1,0,1,1,1,1,1,1,1,1,1,1,1,0,1,1,1,1,1,1,1,0,0,0,0,1,1
HST,Gaming and Leisure Properties Inc,1,1,1,1,1,1,1,1,1,1,1,1,1,1,1,1,0,1,1,1,1,1,1,1,0,0,0,0,1,1
HST,Host Hotels & Resorts Inc,148,148,148,148,148,15,140,148,148,148,148,145,78,78,148,148,0,148,148,148,148,145,148,148,0,0,0,0,148,148
HST,Hyatt Hotels Corp,1,1,1,1,1,1,0,1,1,1,1,1,0,0,1,1,0,1,1,1,1,1,1,1,0,0,0,0,1,1
HST,Park Hotels & Resorts Inc,2,2,2,2,2,2,2,2,2,2,2,2,2,2,2,2,0,2,2,2,2,2,2,2,0,0,0,0,2,2
HST,Pebblebrook Hotel Trust,2,2,2,2,2,2,2,2,2,2,2,2,0,0,2,2,0,2,2,2,2,2,2,2,0,0,0,0,2,2
HST,Ryman Hospitality Properties Inc,4,4,4,4,4,4,4,4,4,4,4,4,4,4,4,4,0,4,4,4,4,4,4,4,0,0,0,0,4,4
HST,Sunstone Hotel Investors Inc,2,2,2,2,2,2,2,2,2,2,2,2,2,2,2,2,0,2,2,2,2,2,2,2,0,0,0,0,2,2
HWM,Alcoa Corp,2,2,2,2,2,2,2,2,2,2,2,2,2,2,2,2,0,2,2,2,2,2,2,2,0,0,0,0,2,2
HWM,Compass Group PLC,1,1,1,1,1,1,1,1,1,1,1,1,0,0,1,1,0,1,1,1,1,1,1,1,0,0,0,0,1,1
HWM,Constellium SE,2,2,2,2,2,2,0,2,2,2,2,2,2,2,2,2,0,2,2,2,2,2,2,2,0,0,0,0,2,2
HWM,Howmet Aerospace Inc,93,93,93,93,92,5,92,93,93,93,93,92,51,22,93,93,0,93,93,93,93,92,93,93,0,0,0,0,93,93
HWM,Johnson Controls International PLC,1,1,1,1,1,1,1,1,1,1,1,1,1,1,1,1,0,1,1,1,1,1,1,1,0,0,0,0,1,1
HWM,Norsk Hydro ASA,1,1,1,1,1,1,1,1,1,1,1,1,1,1,1,1,0,1,1,1,1,1,1,1,0,0,0,0,1,1
HWM,UACJ Corp,1,1,1,1,1,1,1,1,1,1,1,1,1,1,1,1,0,1,1,1,1,1,1,1,0,0,0,0,1,1
HWM,Vista Outdoor Inc,1,1,1,1,1,1,1,1,1,1,1,1,1,1,1,1,0,1,1,1,1,1,1,1,0,0,0,0,1,1
INFO,Aeroports de Paris SA,1,1,1,1,1,1,0,1,1,1,1,1,1,1,1,1,0,1,1,1,1,1,1,1,0,0,0,0,1,1
INFO,IHS Markit Ltd,163,163,163,163,163,9,163,163,163,163,163,145,93,74,161,163,0,163,163,163,163,145,163,163,0,0,0,0,163,163
INFO,Informa PLC,1,1,1,1,1,1,1,1,1,1,1,1,1,1,1,1,0,1,1,1,1,1,1,1,0,0,0,0,1,1
INFO,Moody's Corp,1,1,1,1,1,1,0,1,1,1,1,0,0,0,1,1,0,1,1,1,1,0,1,1,0,0,0,0,1,1
INFO,Thomson Reuters Corp,1,1,1,1,1,1,1,1,1,1,1,1,1,1,1,1,0,1,1,1,1,1,1,1,0,0,0,0,1,1
INFO,Verisk Analytics Inc,2,2,2,2,2,2,2,2,2,2,2,2,2,2,2,2,0,2,2,2,2,2,2,2,0,0,0,0,2,2
IR,Ingersoll Rand Inc,42,42,42,42,42,7,38,42,42,42,42,41,37,37,42,42,0,42,42,42,42,41,42,42,0,0,0,0,42,42
IR,National Energy Services Reunited Corp,1,1,1,1,1,1,1,1,1,1,1,1,1,1,1,1,0,1,1,1,1,1,1,1,0,0,0,0,1,1
IR,Trane Technologies PLC,3,3,3,3,3,3,3,3,3,3,3,3,3,3,3,3,0,3,3,3,3,3,3,3,0,0,0,0,3,3
IRM,Alexander & Baldwin Inc,1,1,1,1,1,1,0,1,1,1,1,1,1,1,1,1,0,1,1,1,1,1,1,1,0,0,0,0,1,1
IRM,Aramark,1,1,1,1,1,1,0,1,1,1,1,1,1,1,1,1,0,1,1,1,1,1,1,1,0,0,0,0,1,1
IRM,Emerald Holding Inc,1,1,1,1,1,1,1,1,1,1,1,1,1,1,1,1,0,1,1,1,1,1,1,1,0,0,0,0,1,1
IRM,Healthcare Trust Of America Inc,1,1,1,1,1,1,0,1,1,1,1,1,0,0,1,1,0,1,1,1,1,1,1,1,0,0,0,0,1,1
IRM,Iron Mountain Inc,86,86,86,86,86,2,83,86,86,86,86,84,30,25,86,86,0,86,86,86,86,84,86,86,0,0,0,0,86,86
IVZ,Affiliated Managers Group Inc,2,2,2,2,2,2,0,2,2,2,2,2,1,1,2,2,0,2,2,2,2,2,2,2,0,0,0,0,2,2
IVZ,Artisan Partners Asset Management Inc,1,1,1,1,1,1,0,1,1,1,1,1,1,1,1,1,0,1,1,1,1,1,1,1,0,0,0,0,1,1
IVZ,Blackstone Group Inc,1,1,1,1,1,0,0,1,1,1,1,1,1,1,1,1,0,1,1,1,1,1,1,1,0,0,0,0,1,1
IVZ,Dunkin' Brands Group Inc,1,1,1,1,1,1,0,1,1,1,1,0,0,0,1,1,0,1,1,1,1,0,1,1,0,0,0,0,1,1
IVZ,Essent Group Ltd,1,1,1,1,1,1,0,1,1,1,1,1,0,0,1,1,0,1,1,1,1,1,1,1,0,0,0,0,1,1
IVZ,Invesco Ltd,155,155,155,155,155,2,154,155,155,155,155,155,119,85,155,155,0,155,155,155,155,155,155,155,0,0,0,0,155,155
IVZ,Iress Ltd,1,1,1,1,1,1,1,1,1,1,1,1,1,1,1,1,0,1,1,1,1,1,1,1,0,0,0,0,1,1
IVZ,Victory Capital Holdings Inc,1,1,1,1,1,1,1,1,1,1,1,1,1,1,1,1,0,1,1,1,1,1,1,1,0,0,0,0,1,1
J,AECOM,13,13,13,13,0,13,13,13,13,13,13,13,0,0,13,13,0,13,13,13,13,13,13,13,0,0,0,0,13,13
J,Ferrovial SA,1,1,1,1,1,1,1,1,1,1,1,1,1,1,1,1,0,1,1,1,1,1,1,1,0,0,0,0,1,1
J,Fluor Corp,1,1,1,1,1,1,0,1,1,1,1,1,0,0,1,1,0,1,1,1,1,1,1,1,0,0,0,0,1,1
J,Jacobs Engineering Group Inc,92,92,92,92,92,8,92,92,92,92,92,92,26,19,92,92,0,92,92,92,92,92,92,92,0,0,0,0,92,92
J,John Wood Group PLC,1,1,1,1,1,1,1,1,1,1,1,1,1,1,1,1,0,1,1,1,1,1,1,1,0,0,0,0,1,1
J,KBR Inc,2,2,2,2,2,2,2,2,2,2,2,2,1,1,2,2,0,2,2,2,2,2,2,2,0,0,0,0,2,2
J,Maxar Technologies Inc,1,1,1,1,1,1,1,1,1,1,1,1,1,1,1,1,0,1,1,1,1,1,1,1,0,0,0,0,1,1
J,Perspecta Inc,1,1,1,1,1,1,1,1,1,1,1,1,0,0,1,1,0,1,1,1,1,1,1,1,0,0,0,0,1,1
JCI,3M Co,1,1,1,1,1,1,0,1,1,1,1,1,1,1,1,1,0,1,1,1,1,1,1,1,0,0,0,0,1,1
JCI,Albany International Corp,1,1,1,1,1,1,1,1,1,1,1,1,1,1,1,1,0,1,1,1,1,1,1,1,0,0,0,0,1,1
JCI,Aqua Metals Inc,3,3,3,3,3,3,3,3,3,3,3,3,0,0,3,3,0,3,3,3,3,3,3,3,0,0,0,0,3,3
JCI,Johnson Controls International PLC,128,128,128,128,128,4,128,128,128,128,128,122,67,49,128,128,0,128,128,128,128,122,128,128,0,0,0,0,128,128
JCI,Lennox International Inc,1,1,1,1,1,1,1,1,1,1,1,1,1,1,1,1,0,1,1,1,1,1,1,1,0,0,0,0,1,1
JCI,Raytheon Technologies Corp,1,1,1,1,1,1,1,1,1,1,1,1,1,1,1,1,0,1,1,1,1,1,1,1,0,0,0,0,1,1
JCI,Trane Technologies PLC,3,3,3,3,3,3,3,3,3,3,3,3,3,3,3,3,0,3,3,3,3,3,3,3,0,0,0,0,3,3
JCI,Wesco International Inc,1,1,1,1,1,1,1,1,1,1,1,1,1,1,1,1,0,1,1,1,1,1,1,1,0,0,0,0,1,1
KIM,American Assets Trust Inc,5,5,5,5,1,5,5,5,5,5,5,5,5,5,5,5,0,5,5,5,5,5,5,5,0,0,0,0,5,5
KIM,Brixmor Property Group Inc,1,1,1,1,1,1,1,1,1,1,1,0,0,0,1,1,0,1,1,1,1,0,1,1,0,0,0,0,1,1
KIM,Empire State Realty Trust Inc,1,1,1,1,1,1,1,1,1,1,1,1,1,1,1,1,0,1,1,1,1,1,1,1,0,0,0,0,1,1
KIM,First Industrial Realty Trust Inc,1,1,1,1,1,1,0,1,1,1,1,1,1,1,1,1,0,1,1,1,1,1,1,1,0,0,0,0,1,1
KIM,Kimco Realty Corp,118,118,118,118,116,3,117,118,118,118,118,107,38,38,118,118,0,118,118,118,118,107,118,118,0,0,0,0,118,118
KIM,Paramount Group Inc,1,1,1,1,1,1,1,1,1,1,1,1,1,1,1,1,0,1,1,1,1,1,1,1,0,0,0,0,1,1
KIM,RPT Realty,1,1,1,1,1,1,1,1,1,1,1,0,0,0,1,1,0,1,1,1,1,0,1,1,0,0,0,0,1,1
KIM,Retail Value Inc,1,1,1,1,1,1,1,1,1,1,1,1,0,1,1,1,0,1,1,1,1,1,1,1,0,0,0,0,1,1
LHX,Carpenter Technology Corp,1,1,1,1,1,1,1,1,1,1,1,1,1,1,1,1,0,1,1,1,1,1,1,1,0,0,0,0,1,1
LHX,Comtech Telecommunications Corp,1,1,1,1,1,1,1,1,1,1,1,1,1,0,1,1,0,1,1,1,1,1,1,1,0,0,0,0,1,1
LHX,General Dynamics Corp,2,2,2,2,2,2,2,2,2,2,2,2,2,2,2,2,0,2,2,2,2,2,2,2,0,0,0,0,2,2
LHX,Hexcel Corp,1,1,1,1,1,1,1,1,1,1,1,1,1,1,1,1,0,1,1,1,1,1,1,1,0,0,0,0,1,1
LHX,L3 Technologies Inc,3,3,3,3,3,3,3,3,3,3,3,3,3,3,3,3,0,3,3,3,3,3,3,3,0,0,0,0,3,3
LHX,L3harris Technologies Inc,46,46,46,46,46,10,43,46,46,46,46,46,19,19,46,46,0,46,46,46,46,46,46,46,12,0,0,0,46,46
LHX,Lockheed Martin Corp,1,1,1,1,1,1,1,1,1,1,1,1,1,1,1,1,0,1,1,1,1,1,1,1,1,0,0,0,1,1
LHX,Mercury Systems Inc,3,3,3,3,3,3,3,3,3,3,3,3,3,3,3,3,0,3,3,3,3,3,3,3,0,0,0,0,3,3
LHX,Raytheon Co,1,1,1,1,1,1,1,1,1,1,1,1,1,1,1,1,0,1,1,1,1,1,1,1,1,0,0,0,1,1
LHX,Wesco Aircraft Holdings Inc,1,1,1,1,1,1,1,1,1,1,1,1,1,1,1,1,0,1,1,1,1,1,1,1,0,0,0,0,1,1
LIN,Covestro AG,1,1,1,1,0,1,1,1,1,1,1,1,1,1,1,1,0,1,1,1,1,1,1,1,0,0,0,0,1,1
LIN,L'Air Liquide Societe Anonyme pour l'Etude et l'Exploitation des Procedes Georges Claude SA,1,1,1,1,1,0,0,1,1,1,1,1,1,1,1,1,0,1,1,1,1,1,1,1,0,0,0,0,1,1
LIN,Linde PLC,101,101,101,101,101,6,101,101,101,101,101,97,88,69,101,101,0,101,101,101,101,97,101,101,0,0,0,0,101,101
LIN,SEB SA,1,1,1,1,1,1,0,1,1,1,1,1,1,1,1,1,0,1,1,1,1,1,1,1,0,0,0,0,1,1
LIN,Wessanen BV,1,1,1,1,0,1,1,1,1,1,1,1,0,0,1,1,0,1,1,1,1,1,1,1,0,0,0,0,1,1
LYB,Braskem SA,1,1,1,1,1,1,1,1,1,1,1,1,0,0,1,1,0,1,1,1,1,1,1,1,0,0,0,0,1,1
LYB,Covestro AG,2,2,2,2,2,2,2,2,2,2,2,2,2,2,2,2,0,2,2,2,2,2,2,2,0,0,0,0,2,2
LYB,IRPC PCL,1,1,1,1,1,1,0,1,1,1,1,1,1,1,1,1,0,1,1,1,1,1,1,1,0,0,0,0,1,1
LYB,Imperial Oil Ltd,1,1,1,1,1,1,1,1,1,1,1,1,1,1,1,1,0,1,1,1,1,1,1,1,0,0,0,0,1,1
LYB,LyondellBasell Industries NV,142,142,142,142,142,0,141,142,142,142,142,138,97,97,142,142,0,142,142,142,142,138,142,142,0,0,0,0,142,142
LYB,Lyondellbasell Advanced Polymers Inc,1,1,1,1,1,1,1,1,1,1,1,1,1,1,1,1,0,1,1,1,1,1,1,1,0,0,0,0,1,1
LYB,Olin Corp,1,1,1,1,1,1,1,1,1,1,1,1,1,1,1,1,0,1,1,1,1,1,1,1,0,0,0,0,1,1
LYB,Phillips 66,1,1,1,1,1,1,1,1,1,1,1,1,1,1,1,1,0,1,1,1,1,1,1,1,0,0,0,0,1,1
LYB,Saudi Basic Industries Corporation SJSC,1,1,1,1,1,1,1,1,1,1,1,1,1,1,1,1,0,1,1,1,1,1,1,1,0,0,0,0,1,1
LYB,Solvay SA,1,1,1,1,1,1,1,1,1,1,1,1,1,1,1,1,0,1,1,1,1,1,1,1,0,0,0,0,1,1
MAA,Mid-America Apartment Communities Inc,79,79,79,79,79,0,79,79,79,79,79,76,37,37,79,79,0,79,79,79,79,76,79,79,0,0,0,0,79,79
MDT,ADT Inc,1,1,1,1,0,1,1,1,1,1,1,1,0,0,1,1,0,1,1,1,1,1,1,1,0,0,0,0,1,1
MDT,Abbott Laboratories,6,6,6,6,4,6,6,6,5,6,6,6,4,4,6,6,0,6,6,6,6,6,6,6,0,0,0,0,6,6
MDT,Accuray Inc,1,1,1,1,1,1,0,1,1,1,1,1,1,1,1,1,0,1,1,1,1,1,1,1,0,0,0,0,1,1
MDT,Advanced Semiconductor Engineering Inc,1,1,1,1,0,1,1,1,1,1,1,1,0,0,1,1,0,1,1,1,1,1,1,1,0,0,0,0,1,1
MDT,Advantage Oil & Gas Ltd,1,1,1,1,0,1,1,1,1,1,1,1,0,0,1,1,0,1,1,1,1,1,1,1,0,0,0,0,1,1
MDT,AngloGold Ashanti Ltd,1,1,1,1,1,1,1,1,1,1,1,1,0,0,1,1,0,1,1,1,1,1,1,1,0,0,0,0,1,1
MDT,Aquestive Therapeutics Inc,1,1,1,1,1,1,1,1,1,1,1,1,0,0,1,1,0,1,1,1,1,1,1,1,0,0,0,0,1,1
MDT,Aritzia Inc,1,1,1,1,1,1,1,1,1,1,1,1,0,0,1,1,0,1,1,1,1,1,1,1,0,0,0,0,1,1
MDT,Axonics Modulation Technologies Inc,14,14,14,14,13,10,13,14,14,14,14,14,2,2,14,14,0,14,14,14,14,14,14,14,0,0,0,0,14,14
MDT,Baxter International Inc,8,8,8,8,8,8,8,8,8,8,8,8,5,5,8,8,0,8,8,8,8,8,8,8,0,0,0,0,8,8
MDT,Beadell Resources Pty Ltd,1,1,1,1,1,1,0,1,1,1,1,1,0,0,1,1,0,1,1,1,1,1,1,1,0,0,0,0,1,1
MDT,Becton Dickinson and Co,2,2,2,2,2,2,2,2,2,2,2,2,1,1,2,2,0,2,2,2,2,2,2,2,0,0,0,0,2,2
MDT,Boston Scientific Corp,3,3,3,3,3,3,2,3,3,3,3,3,3,3,3,3,0,3,3,3,3,3,3,3,0,0,0,0,3,3
MDT,Cardiovascular Systems Inc,1,1,1,1,1,1,1,1,1,1,1,1,1,1,1,1,0,1,1,1,1,1,1,1,0,0,0,0,1,1
MDT,Conmed Corp,1,1,1,1,1,1,0,1,1,1,1,1,1,1,1,1,0,1,1,1,1,1,1,1,0,0,0,0,1,1
MDT,ConvaTec Group PLC,1,1,1,1,1,1,1,1,1,1,1,1,1,1,1,1,0,1,1,1,1,1,1,1,0,0,0,0,1,1
MDT,Cosmo Pharmaceuticals NV,4,4,4,4,4,4,2,4,4,4,4,4,2,2,4,4,0,4,4,4,4,4,4,4,0,0,0,0,4,4
MDT,DexCom Inc,3,3,3,3,3,3,3,3,3,3,3,3,2,2,3,3,0,3,3,3,3,3,3,3,0,0,0,0,3,3
MDT,Edwards Lifesciences Corp,7,7,7,7,7,7,7,7,7,7,7,7,5,5,7,7,0,7,7,7,7,7,7,7,0,0,0,0,7,7
MDT,Gamida Cell Ltd,1,1,1,1,1,1,1,1,1,1,1,1,0,0,1,1,0,1,1,1,1,1,1,1,0,0,0,0,1,1
MDT,Globus Medical Inc,6,6,6,6,6,6,5,6,6,6,6,6,6,6,6,6,0,6,6,6,6,6,6,6,0,0,0,0,6,6
MDT,Grifols SA,3,3,3,3,3,3,3,3,3,3,3,3,3,3,3,3,0,3,3,3,3,3,3,3,0,0,0,0,3,3
MDT,Insulet Corp,2,2,2,2,2,2,2,2,2,2,2,2,0,0,2,2,0,2,2,2,2,2,2,2,0,0,0,0,2,2
MDT,Integra Lifesciences Holdings Corp,1,1,1,1,1,1,1,1,1,1,1,1,0,0,1,1,0,1,1,1,1,1,1,1,0,0,0,0,1,1
MDT,Intuitive Surgical Inc,1,1,1,1,1,1,1,1,1,1,1,1,1,1,1,1,0,1,1,1,1,1,1,1,0,0,0,0,1,1
MDT,Jazz Pharmaceuticals PLC,1,1,1,1,1,1,1,1,1,1,1,1,0,0,1,1,0,1,1,1,1,1,1,1,0,0,0,0,1,1
MDT,Johnson & Johnson,1,1,1,1,1,1,1,1,1,1,1,1,0,0,1,1,0,1,1,1,1,1,1,1,0,0,0,0,1,1
MDT,Mav Beauty Brands Inc,1,1,1,1,1,1,1,1,1,1,1,1,0,0,1,1,0,1,1,1,1,1,1,1,0,0,0,0,1,1
MDT,Medtronic PLC,258,258,258,258,258,12,254,258,258,258,258,254,156,140,258,258,0,258,258,258,258,254,258,258,0,0,0,0,258,258
MDT,Nevro Corp,1,1,1,1,1,1,1,1,1,1,1,1,1,1,1,1,0,1,1,1,1,1,1,1,0,0,0,0,1,1
MDT,NuVasive Inc,5,5,5,5,5,5,5,5,5,5,5,5,5,5,5,5,0,5,5,5,5,5,5,5,0,0,0,0,5,5
MDT,Nuvectra Corp,3,3,3,3,3,3,3,3,3,3,3,3,0,0,3,3,0,3,3,3,3,3,3,3,0,0,0,0,3,3
MDT,Organogenesis Holdings Inc,1,1,1,1,1,1,1,1,1,1,1,1,1,1,1,1,0,1,1,1,1,1,1,1,0,0,0,0,1,1
MDT,Orthofix Medical Inc,1,1,1,1,1,1,0,1,1,1,1,1,0,0,1,1,0,1,1,1,1,1,1,1,0,0,0,0,1,1
MDT,Penumbra Inc,2,2,2,2,2,2,2,2,2,2,2,2,2,2,2,2,0,2,2,2,2,2,2,2,0,0,0,0,2,2
MDT,Premier Inc,1,1,1,1,1,1,0,1,1,1,1,0,0,0,1,1,0,1,1,1,1,0,1,1,0,0,0,0,1,1
MDT,Ra Medical Systems Inc,1,1,1,1,1,1,1,1,1,1,1,1,0,0,1,1,0,1,1,1,1,1,1,1,0,0,0,0,1,1
MDT,SeaSpine Holdings Corp,1,1,1,1,1,1,1,1,1,1,1,1,0,0,1,1,0,1,1,1,1,1,1,1,0,0,0,0,1,1
MDT,Senseonics Holdings Inc,1,1,1,1,1,1,1,1,1,1,1,1,1,1,1,1,0,1,1,1,1,1,1,1,0,0,0,0,1,1
MDT,Shockwave Medical Inc,1,1,1,1,1,1,1,1,1,1,1,0,0,0,1,1,0,1,1,1,1,0,1,1,0,0,0,0,1,1
MDT,Siemens Healthineers AG,1,1,1,1,1,1,1,1,1,1,1,1,0,0,1,1,0,1,1,1,1,1,1,1,0,0,0,0,1,1
MDT,Stryker Corp,5,5,5,5,5,5,5,5,5,5,5,5,4,4,5,5,0,5,5,5,5,5,5,5,0,0,0,0,5,5
MDT,Tandem Diabetes Care Inc,4,4,4,4,4,4,4,4,4,4,4,4,4,4,4,4,0,4,4,4,4,4,4,4,0,0,0,0,4,4
MDT,United Therapeutics Corp,2,2,2,2,2,2,2,2,2,2,2,2,2,2,2,2,0,2,2,2,2,2,2,2,0,0,0,0,2,2
MDT,Zimmer Biomet Holdings Inc,3,3,3,3,3,3,3,3,3,3,3,3,2,2,3,3,0,3,3,3,3,3,3,3,0,0,0,0,3,3
MYL,Abbvie Inc,1,1,1,1,1,1,0,1,1,1,1,1,1,1,1,1,0,1,1,1,1,1,1,1,0,0,0,0,1,1
MYL,Akorn Inc,6,6,6,6,6,6,3,6,6,6,6,6,6,6,6,6,0,6,6,6,6,6,6,6,0,0,0,0,6,6
MYL,Alkermes Plc,1,1,1,1,0,1,1,1,1,1,1,1,1,1,1,1,0,1,1,1,1,1,1,1,0,0,0,0,1,1
MYL,Allergan plc,6,6,6,6,4,6,4,6,6,6,6,5,5,5,6,6,0,6,6,6,6,5,6,6,0,0,0,0,6,6
MYL,Amneal Pharmaceuticals Inc,12,12,12,12,12,12,8,12,12,12,12,11,11,11,12,12,0,12,12,12,12,11,12,12,0,0,0,0,12,12
MYL,Aurobindo Pharma Ltd,1,1,1,1,1,1,1,1,1,1,1,1,1,1,1,1,0,1,1,1,1,1,1,1,0,0,0,0,1,1
MYL,Bausch Health Companies Inc,1,1,1,1,1,1,0,1,1,1,1,1,1,1,1,1,0,1,1,1,1,1,1,1,0,0,0,0,1,1
MYL,Biogen Inc,5,5,5,5,5,5,5,5,5,5,5,5,5,5,5,5,0,5,5,5,5,5,5,5,0,0,0,0,5,5
MYL,Cadila Healthcare Ltd,3,3,3,3,3,3,3,3,3,3,3,3,3,3,3,3,0,3,3,3,3,3,3,3,0,0,0,0,3,3
MYL,Endo International PLC,5,5,5,5,4,5,3,5,5,5,5,4,4,4,5,5,0,5,5,5,5,4,5,5,0,0,0,0,5,5
MYL,Impax Laboratories LLC,3,3,3,3,0,3,3,3,3,3,3,2,1,1,3,3,0,3,3,3,3,2,3,3,0,0,0,0,3,3
MYL,Lupin Ltd,1,1,1,1,1,1,1,1,1,1,1,1,1,1,1,1,0,1,1,1,1,1,1,1,0,0,0,0,1,1
MYL,Mallinckrodt PLC,1,1,1,1,1,1,1,1,1,1,1,1,1,1,1,1,0,1,1,1,1,1,1,1,0,0,0,0,1,1
MYL,Mayne Pharma Group Ltd,1,1,1,1,1,1,1,1,1,1,1,1,1,1,1,1,0,1,1,1,1,1,1,1,0,0,0,0,1,1
MYL,Medy-Tox Inc,1,1,1,1,1,1,1,1,1,1,1,1,1,1,1,1,0,1,1,1,1,1,1,1,0,0,0,0,1,1
MYL,Molecular Partners AG,1,1,1,1,1,1,1,1,1,1,1,1,1,1,1,1,0,1,1,1,1,1,1,1,0,0,0,0,1,1
MYL,Momenta Pharmaceuticals Inc,3,3,3,3,3,3,1,3,3,3,3,3,3,3,3,3,0,3,3,3,3,3,3,3,0,0,0,0,3,3
MYL,Mylan NV,183,183,183,183,183,14,180,183,183,183,183,162,107,80,183,183,0,183,183,183,183,162,183,183,0,0,0,0,183,183
MYL,Recro Pharma Inc,1,1,1,1,1,1,1,1,1,1,1,1,1,1,1,1,0,1,1,1,1,1,1,1,0,0,0,0,1,1
MYL,Revance Therapeutics Inc,1,1,1,1,1,1,1,1,1,1,1,1,0,0,1,1,0,1,1,1,1,1,1,1,0,0,0,0,1,1
MYL,Spectrum Pharmaceuticals Inc,2,2,2,2,2,2,2,2,2,2,2,2,2,2,2,2,0,2,2,2,2,2,2,2,0,0,0,0,2,2
MYL,Teva Pharmaceutical Industries Ltd,13,13,13,13,13,13,12,13,13,13,13,13,13,13,13,13,0,13,13,13,13,13,13,13,0,0,0,0,13,13
NCLH,Accor SA,1,1,1,1,0,1,1,1,1,1,1,1,1,1,1,1,0,1,1,1,1,1,1,1,0,0,0,0,1,1
NCLH,Caesars Holdings Inc,1,1,1,1,1,1,0,1,1,1,1,1,1,1,1,1,0,1,1,1,1,1,1,1,0,0,0,0,1,1
NCLH,Carnival Corp,52,52,52,52,52,52,21,52,52,52,52,52,49,48,52,52,0,52,52,52,52,52,52,52,0,0,0,0,52,52
NCLH,Carnival PLC,11,11,11,11,5,11,9,11,11,11,11,11,11,10,11,11,0,11,11,11,11,11,11,11,0,0,0,0,11,11
NCLH,MGM China Holdings Ltd,1,1,1,1,1,1,0,1,1,1,1,1,0,0,1,1,0,1,1,1,1,1,1,1,0,0,0,0,1,1
NCLH,Norwegian Cruise Line Holdings Ltd,139,139,139,139,139,20,137,139,139,139,139,138,115,84,139,139,0,139,139,139,139,138,139,139,0,0,0,0,139,139
NCLH,Royal Caribbean Cruises Ltd,16,16,16,16,16,16,16,16,16,16,16,16,16,16,16,16,0,16,16,16,16,16,16,16,0,0,0,0,16,16
NCLH,SATS Ltd,1,1,1,1,1,1,1,1,1,1,1,1,1,1,1,1,0,1,1,1,1,1,1,1,0,0,0,0,1,1
NLOK,Allot Ltd,1,1,1,1,1,1,1,1,1,1,1,1,1,1,1,1,0,1,1,1,1,1,1,1,0,0,0,0,1,1
NLOK,Atlassian Corporation PLC,1,1,1,1,1,1,1,1,1,1,1,1,1,1,1,1,0,1,1,1,1,1,1,1,0,0,0,0,1,1
NLOK,Avast PLC,1,1,1,1,1,1,1,1,1,1,1,1,1,1,1,1,0,1,1,1,1,1,1,1,0,0,0,0,1,1
NLOK,Carbon Black Inc,1,1,1,1,1,1,1,1,1,1,1,1,1,1,1,1,0,1,1,1,1,1,1,1,0,0,0,0,1,1
NLOK,Crowdstrike Holdings Inc,2,2,2,2,2,2,2,2,2,2,2,2,2,2,2,2,0,2,2,2,2,2,2,2,0,0,0,0,2,2
NLOK,Cyberark Software Ltd,2,2,2,2,2,2,2,2,2,2,2,2,2,2,2,2,0,2,2,2,2,2,2,2,0,0,0,0,2,2
NLOK,NortonLifeLock Inc,159,159,159,159,159,7,158,159,159,159,159,147,79,69,159,159,0,159,159,159,159,147,159,159,0,0,0,0,159,159
NLOK,Novozymes A/S,1,1,1,1,1,1,1,1,1,1,1,1,0,0,1,1,0,1,1,1,1,1,1,1,0,0,0,0,1,1
NLOK,Qualys Inc,1,1,1,1,1,1,1,1,1,1,1,1,1,1,1,1,0,1,1,1,1,1,1,1,0,0,0,0,1,1
NLOK,Splunk Inc,1,1,1,1,1,1,1,1,1,1,1,1,1,1,1,1,0,1,1,1,1,1,1,1,0,0,0,0,1,1
NLOK,Varonis Systems Inc,1,1,1,1,1,1,1,1,1,1,1,0,0,0,1,1,0,1,1,1,1,0,1,1,0,0,0,0,1,1
NLOK,Zscaler Inc,1,1,1,1,1,1,1,1,1,1,1,1,1,1,1,1,0,1,1,1,1,1,1,1,0,0,0,0,1,1
NLSN,Acxiom LLC,1,1,1,1,0,1,1,1,1,1,1,0,0,0,1,1,0,1,1,1,1,0,1,1,0,0,0,0,1,1
NLSN,Beasley Broadcast Group Inc,1,1,1,1,1,1,1,1,1,1,1,1,1,1,1,1,0,1,1,1,1,1,1,1,0,0,0,0,1,1
NLSN,Emerald Holding Inc,1,1,1,1,1,1,1,1,1,1,1,1,1,1,1,1,0,1,1,1,1,1,1,1,0,0,0,0,1,1
NLSN,Envestnet Inc,1,1,1,1,1,1,0,1,1,1,1,1,0,0,1,1,0,1,1,1,1,1,1,1,0,0,0,0,1,1
NLSN,Hemisphere Media Group Inc,1,1,1,1,1,1,1,1,1,1,1,1,1,1,1,1,0,1,1,1,1,1,1,1,0,0,0,0,1,1
NLSN,Nielsen Holdings PLC,77,77,77,77,77,2,77,77,77,77,77,73,34,34,77,77,0,77,77,77,77,73,77,77,0,0,0,0,77,77
NLSN,Spotify Technology SA,1,1,1,1,1,1,1,1,1,1,1,1,1,1,1,1,0,1,1,1,1,1,1,1,0,0,0,0,1,1
NLSN,Thomson Reuters Corp,1,1,1,1,1,1,1,1,1,1,1,1,1,1,1,1,0,1,1,1,1,1,1,1,0,0,0,0,1,1
NLSN,WPP PLC,2,2,2,2,2,2,2,2,2,2,2,2,2,2,2,2,0,2,2,2,2,2,2,2,0,0,0,0,2,2
O,Agree Realty Corp,3,3,3,3,3,2,2,3,3,3,3,3,3,3,3,3,0,3,3,3,3,3,3,3,0,0,0,0,3,3
O,Diversified Healthcare Trust,1,1,1,1,0,1,1,1,1,1,1,1,1,1,1,1,0,1,1,1,1,1,1,1,0,0,0,0,1,1
O,Essential Properties Realty Trust Inc,5,5,5,5,4,5,5,5,5,5,5,4,3,3,5,5,0,5,5,5,5,4,5,5,0,0,0,0,5,5
O,Gaming and Leisure Properties Inc,1,1,1,1,0,1,1,1,1,1,1,1,1,1,1,1,0,1,1,1,1,1,1,1,0,0,0,0,1,1
O,Getty Realty Corp,2,2,2,2,2,2,2,2,2,2,2,1,1,1,2,2,0,2,2,2,2,1,2,2,0,0,0,0,2,2
O,Global Net Lease Inc,2,2,2,2,2,2,2,2,2,2,2,1,1,1,2,2,0,2,2,2,2,1,2,2,0,0,0,0,2,2
O,National Retail Properties Inc,3,3,3,3,3,3,3,3,3,3,3,3,3,3,3,3,0,3,3,3,3,3,3,3,0,0,0,0,3,3
O,Physicians Realty Trust,1,1,1,1,0,1,1,1,1,1,1,1,1,1,1,1,0,1,1,1,1,1,1,1,0,0,0,0,1,1
O,Realty Income Corp,105,105,105,105,105,2,105,105,105,105,105,94,33,33,105,105,0,105,105,105,105,94,105,105,0,0,0,0,105,105
O,STORE Capital Corp,1,1,1,1,1,1,1,1,1,1,1,1,1,1,1,1,0,1,1,1,1,1,1,1,0,0,0,0,1,1
O,Spirit Realty Capital Inc,5,5,5,5,5,5,4,5,5,5,5,5,5,5,5,5,0,5,5,5,5,5,5,5,0,0,0,0,5,5
O,WP Carey Inc,1,1,1,1,1,1,1,1,1,1,1,1,1,1,1,1,0,1,1,1,1,1,1,1,0,0,0,0,1,1
PEAK,Brookdale Senior Living Inc,1,1,1,1,1,1,0,1,1,1,1,1,1,1,1,1,0,1,1,1,1,1,1,1,0,0,0,0,1,1
PEAK,Capital Senior Living Corp,2,2,2,2,2,2,2,2,2,2,2,2,1,1,2,2,0,2,2,2,2,2,2,2,0,0,0,0,2,2
PEAK,CareTrust REIT Inc,1,1,1,1,1,1,1,1,1,1,1,1,1,1,1,1,0,1,1,1,1,1,1,1,0,0,0,0,1,1
PEAK,Diversified Healthcare Trust,3,3,3,3,2,3,2,3,3,3,3,3,3,3,3,3,0,3,3,3,3,3,3,3,0,0,0,0,3,3
PEAK,Healthcare Trust Of America Inc,1,1,1,1,1,1,0,1,1,1,1,1,1,1,1,1,0,1,1,1,1,1,1,1,0,0,0,0,1,1
PEAK,Healthpeak Properties Inc,103,103,103,103,102,13,98,103,103,103,103,101,46,46,101,103,0,103,103,103,103,101,103,103,0,0,0,0,103,103
PEAK,New Senior Investment Group Inc,1,1,1,1,1,1,1,1,1,1,1,1,1,1,1,1,0,1,1,1,1,1,1,1,0,0,0,0,1,1
PEAK,Omega Healthcare Investors Inc,2,2,2,2,2,2,2,2,2,2,2,2,1,1,2,2,0,2,2,2,2,2,2,2,0,0,0,0,2,2
PEAK,Physicians Realty Trust,1,1,1,1,1,1,0,1,1,1,1,1,0,0,1,1,0,1,1,1,1,1,1,1,0,0,0,0,1,1
PEAK,Ventas Inc,5,5,5,5,5,5,3,5,5,5,5,5,5,5,5,5,0,5,5,5,5,5,5,5,0,0,0,0,5,5
PEAK,Welltower Inc,3,3,3,3,3,3,3,3,3,3,3,3,1,1,3,3,0,3,3,3,3,3,3,3,0,0,0,0,3,3
PLD,Agree Realty Corp,2,2,2,2,2,2,0,2,2,2,2,2,2,2,2,2,0,2,2,2,2,2,2,2,0,0,0,0,2,2
PLD,Americold Realty Trust,2,2,2,2,2,2,1,2,2,2,2,2,2,2,2,2,0,2,2,2,2,2,2,2,0,0,0,0,2,2
PLD,Brixmor Property Group Inc,1,1,1,1,1,1,0,1,1,1,1,1,1,1,1,1,0,1,1,1,1,1,1,1,0,0,0,0,1,1
PLD,DCT Industrial Trust Inc,6,6,6,6,6,2,0,6,6,6,6,6,4,4,6,6,0,6,6,6,6,6,6,6,0,0,0,0,6,6
PLD,Eastgroup Properties Inc,5,5,5,5,5,5,5,5,5,5,5,3,3,3,5,5,0,5,5,5,5,3,5,5,0,0,0,0,5,5
PLD,Goodman Group,2,2,2,2,2,2,2,2,2,2,2,2,2,2,2,2,0,2,2,2,2,2,2,2,0,0,0,0,2,2
PLD,Goodman Property Trust,1,1,1,1,1,1,0,1,1,1,1,1,0,0,1,1,0,1,1,1,1,1,1,1,0,0,0,0,1,1
PLD,Lexington Realty Trust,1,1,1,1,1,1,1,1,1,1,1,1,1,1,1,1,0,1,1,1,1,1,1,1,0,0,0,0,1,1
PLD,Liberty Property Trust,1,1,1,1,1,1,0,1,1,1,1,1,1,1,1,1,0,1,1,1,1,1,1,1,0,0,0,0,1,1
PLD,Life Storage Inc,1,1,1,1,1,1,0,1,1,1,1,1,1,1,1,1,0,1,1,1,1,1,1,1,0,0,0,0,1,1
PLD,Nippon Prologis REIT Inc,1,1,1,1,1,1,1,1,1,1,1,1,1,1,1,1,0,1,1,1,1,1,1,1,0,0,0,0,1,1
PLD,Plymouth Industrial REIT Inc,1,1,1,1,1,1,1,1,1,1,1,1,0,0,1,1,0,1,1,1,1,1,1,1,0,0,0,0,1,1
PLD,Prologis Inc,175,175,175,175,175,9,174,175,175,175,175,168,88,78,175,175,0,175,175,175,175,168,175,175,0,0,0,0,175,175
PLD,Prologis Property Mexico SA de CV,1,1,1,1,1,1,1,1,1,1,1,1,1,1,1,1,0,1,1,1,1,1,1,1,0,0,0,0,1,1
PLD,SL Green Realty Corp,1,1,1,1,1,1,1,1,1,1,1,0,0,0,1,1,0,1,1,1,1,0,1,1,0,0,0,0,1,1
PLD,Washington Real Estate Investment Trust,1,1,1,1,1,1,1,1,1,1,1,0,0,0,1,1,0,1,1,1,1,0,1,1,0,0,0,0,1,1
PNR,AquaVenture Holdings Ltd,1,1,1,1,1,1,1,1,1,1,1,1,1,1,1,1,0,1,1,1,1,1,1,1,0,0,0,0,1,1
PNR,Evoqua Water Technologies Corp,1,1,1,1,1,1,0,1,1,1,1,1,1,1,1,1,0,1,1,1,1,1,1,1,0,0,0,0,1,1
PNR,Pentair PLC,127,127,127,127,127,0,127,127,127,127,127,122,67,46,127,127,0,127,127,127,127,122,127,127,0,0,0,0,127,127
PNR,Trane Technologies PLC,1,1,1,1,1,1,0,1,1,1,1,1,1,1,1,1,0,1,1,1,1,1,1,1,0,0,0,0,1,1
PNR,nVent Electric PLC,1,1,1,1,1,1,1,1,1,1,1,1,1,1,1,1,0,1,1,1,1,1,1,1,0,0,0,0,1,1
PRGO,Akorn Inc,2,2,2,2,2,2,0,2,2,2,2,2,2,2,2,2,0,2,2,2,2,2,2,2,0,0,0,0,2,2
PRGO,Allergan plc,1,1,1,1,1,1,0,1,1,1,1,1,1,1,1,1,0,1,1,1,1,1,1,1,0,0,0,0,1,1
PRGO,Amarin Corporation PLC,1,1,1,1,1,1,1,1,1,1,1,1,0,1,1,1,0,1,1,1,1,1,1,1,0,0,0,0,1,1
PRGO,Amneal Pharmaceuticals Inc,1,1,1,1,1,1,0,1,1,1,1,1,1,1,1,1,0,1,1,1,1,1,1,1,0,0,0,0,1,1
PRGO,Bausch Health Companies Inc,1,1,1,1,1,1,0,1,1,1,1,1,1,1,1,1,0,1,1,1,1,1,1,1,0,0,0,0,1,1
PRGO,Cipla Ltd,3,3,3,3,3,3,2,3,3,3,3,3,3,3,3,3,0,3,3,3,3,3,3,3,0,0,0,0,3,3
PRGO,Foamix Pharmaceuticals Ltd,1,1,1,1,1,1,0,1,1,1,1,0,0,0,1,1,0,1,1,1,1,0,1,1,0,0,0,0,1,1
PRGO,Lupin Ltd,1,1,1,1,1,1,1,1,1,1,1,1,1,1,1,1,0,1,1,1,1,1,1,1,0,0,0,0,1,1
PRGO,Mallinckrodt PLC,1,1,1,1,1,1,1,1,1,1,1,1,1,1,1,1,0,1,1,1,1,1,1,1,0,0,0,0,1,1
PRGO,Perrigo Company PLC,170,170,170,170,170,1,170,170,170,170,170,152,104,83,170,170,0,170,170,170,170,152,170,170,0,0,0,0,170,170
PRGO,Tri Harbor Holdings Corp,1,1,1,1,1,1,0,1,1,1,1,1,0,0,1,1,0,1,1,1,1,1,1,1,0,0,0,0,1,1
PSA,Agree Realty Corp,3,3,3,3,3,3,0,3,3,3,3,3,3,3,3,3,0,3,3,3,3,3,3,3,0,0,0,0,3,3
PSA,CubeSmart,3,3,3,3,3,3,0,3,3,3,3,3,3,3,3,3,0,3,3,3,3,3,3,3,0,0,0,0,3,3
PSA,Fiat Chrysler Automobiles NV,1,1,1,1,1,1,0,1,1,1,1,1,1,1,1,1,0,1,1,1,1,1,1,1,0,0,0,0,1,1
PSA,Lear Corp,1,1,1,1,1,1,0,1,1,1,1,1,1,1,1,1,0,1,1,1,1,1,1,1,0,0,0,0,1,1
PSA,Public Storage,100,100,100,100,100,1,99,100,100,100,100,98,27,18,100,100,0,100,100,100,100,98,100,100,0,0,0,0,100,100
RCL,Accor SA,8,8,8,8,0,8,8,8,8,8,8,8,8,8,8,8,0,8,8,8,8,8,8,8,0,0,0,0,8,8
RCL,Carnival Corp,2,2,2,2,2,0,0,2,2,2,2,2,2,2,2,2,0,2,2,2,2,2,2,2,0,0,0,0,2,2
RCL,Carnival PLC,1,1,1,1,1,1,0,1,1,1,1,1,1,0,1,1,0,1,1,1,1,1,1,1,0,0,0,0,1,1
RCL,Royal Caribbean Cruises Ltd,128,128,128,128,128,5,128,128,128,128,128,127,79,52,128,128,0,128,128,128,128,127,128,128,0,0,0,0,128,128
RCL,Sodexo SA,1,1,1,1,1,1,1,1,1,1,1,1,1,1,1,1,0,1,1,1,1,1,1,1,0,0,0,0,1,1
RCL,Whitbread PLC,1,1,1,1,1,1,1,1,1,1,1,1,1,1,1,1,0,1,1,1,1,1,1,1,0,0,0,0,1,1
RE,AXIS Capital Holdings Ltd,1,1,1,1,1,1,1,1,1,1,1,0,0,0,1,1,0,1,1,1,1,0,1,1,0,0,0,0,1,1
RE,Arch Capital Group Ltd,1,1,1,1,1,1,0,1,1,1,1,1,0,0,1,1,0,1,1,1,1,1,1,1,0,0,0,0,1,1
RE,Brighthouse Financial Inc,1,1,1,1,1,1,0,1,1,1,1,1,0,0,1,1,0,1,1,1,1,1,1,1,0,0,0,0,1,1
RE,Brown & Brown Inc,1,1,1,1,1,1,0,1,1,1,1,1,0,0,1,1,0,1,1,1,1,1,1,1,0,0,0,0,1,1
RE,Everest Re Group Ltd,94,94,94,94,94,5,91,94,94,94,94,70,26,26,94,94,0,94,94,94,94,70,94,94,0,0,0,0,94,94
REG,Brixmor Property Group Inc,1,1,1,1,1,1,0,1,1,1,1,1,1,1,1,1,0,1,1,1,1,1,1,1,0,0,0,0,1,1
REG,PTC Inc,1,1,1,1,1,0,0,1,1,1,1,0,0,0,1,1,0,1,1,1,1,0,1,1,0,0,0,0,1,1
REG,Pennsylvania Real Estate Investment Trust,1,1,1,1,1,1,0,1,1,1,1,1,1,1,1,1,0,1,1,1,1,1,1,1,0,0,0,0,1,1
REG,Regency Centers Corp,101,101,101,101,101,2,100,101,101,101,101,95,33,33,101,101,0,101,101,101,101,95,101,101,0,0,0,0,101,101
REG,Site Centers Corp,1,1,1,1,1,1,1,1,1,1,1,1,1,1,1,1,0,1,1,1,1,1,1,1,0,0,0,0,1,1
RTX,Kone Oyj,4,4,4,4,4,4,2,4,4,4,4,4,3,3,4,4,0,4,4,4,4,4,4,4,0,0,0,0,4,4
RTX,Lennox International Inc,1,1,1,1,1,1,1,1,1,1,1,1,1,1,1,1,0,1,1,1,1,1,1,1,0,0,0,0,1,1
RTX,Raytheon Co,12,12,12,12,12,10,8,12,12,12,12,12,12,11,12,12,0,12,12,12,12,12,12,12,0,0,0,0,12,12
RTX,Raytheon Technologies Corp,179,179,179,179,179,14,179,179,179,179,179,175,99,78,179,179,0,179,179,179,179,175,179,179,0,0,0,0,179,179
RTX,Rockwell Collins Inc,1,1,1,1,1,1,0,1,1,1,1,1,0,0,1,1,0,1,1,1,1,1,1,1,0,0,0,0,1,1
RTX,Spirit AeroSystems Holdings Inc,1,1,1,1,1,1,1,1,1,1,1,1,1,1,1,1,0,1,1,1,1,1,1,1,0,0,0,0,1,1
RTX,Trane Technologies PLC,1,1,1,1,1,1,1,1,1,1,1,1,1,1,1,1,0,1,1,1,1,1,1,1,0,0,0,0,1,1
SBAC,Millicom International Cellular SA,1,1,1,1,1,1,1,1,1,1,1,1,0,0,1,1,0,1,1,1,1,1,1,1,0,0,0,0,1,1
SBAC,SBA Communications Corp,92,92,92,92,92,2,92,92,92,92,92,91,50,31,92,92,0,92,92,92,92,91,92,92,0,0,0,0,92,92
SLB,Baker Hughes Co,5,5,5,5,5,3,3,5,5,5,5,5,3,3,5,5,0,5,5,5,5,5,5,5,0,0,0,0,5,5
SLB,Core Laboratories NV,1,1,1,1,1,1,1,1,1,1,1,1,1,1,1,1,0,1,1,1,1,1,1,1,0,0,0,0,1,1
SLB,Dril-Quip Inc,1,1,1,1,1,1,0,1,1,1,1,1,1,1,1,1,0,1,1,1,1,1,1,1,0,0,0,0,1,1
SLB,FTS International Inc,1,1,1,1,1,1,1,1,1,1,1,1,1,1,1,1,0,1,1,1,1,1,1,1,0,0,0,0,1,1
SLB,Hi-Crush Inc,1,1,1,1,1,1,1,1,1,1,1,1,1,1,1,1,0,1,1,1,1,1,1,1,0,0,0,0,1,1
SLB,Liberty Oilfield Services Inc,1,1,1,1,1,1,1,1,1,1,1,1,1,1,1,1,0,1,1,1,1,1,1,1,0,0,0,0,1,1
SLB,MRC Global Inc,1,1,1,1,1,1,1,1,1,1,1,1,1,1,1,1,0,1,1,1,1,1,1,1,0,0,0,0,1,1
SLB,Nabors Industries Ltd,1,1,1,1,1,0,0,1,1,1,1,1,0,0,1,1,0,1,1,1,1,1,1,1,0,0,0,0,1,1
SLB,New York Community Bancorp Inc,1,1,1,1,1,1,1,1,1,1,1,1,1,1,1,1,0,1,1,1,1,1,1,1,0,0,0,0,1,1
SLB,Oil States International Inc,1,1,1,1,1,1,1,1,1,1,1,1,1,1,1,1,0,1,1,1,1,1,1,1,0,0,0,0,1,1
SLB,Ophir Energy Ltd,2,2,2,2,2,2,2,2,2,2,2,2,0,0,2,2,0,2,2,2,2,2,2,2,0,0,0,0,2,2
SLB,Patterson-UTI Energy Inc,2,2,2,2,2,2,2,2,2,2,2,2,2,2,2,2,0,2,2,2,2,2,2,2,0,0,0,0,2,2
SLB,ProPetro Holding Corp,2,2,2,2,2,2,2,2,2,2,2,2,2,2,2,2,0,2,2,2,2,2,2,2,0,0,0,0,2,2
SLB,Santander Consumer USA Holdings Inc,1,1,1,1,1,1,0,1,1,1,1,1,0,0,1,1,0,1,1,1,1,1,1,1,0,0,0,0,1,1
SLB,Schlumberger NV,239,239,239,239,239,7,238,239,239,239,239,220,148,116,239,239,0,239,239,239,239,220,239,239,0,0,0,0,239,239
SLB,Team Inc,1,1,1,1,1,1,1,1,1,1,1,1,0,0,1,1,0,1,1,1,1,1,1,1,0,0,0,0,1,1
SLB,Weatherford International PLC,3,3,3,3,3,3,3,3,3,3,3,3,1,1,3,3,0,3,3,3,3,3,3,3,0,0,0,0,3,3
SLG,Boston Properties Inc,9,9,9,9,7,9,3,9,9,9,9,9,9,9,9,9,0,9,9,9,9,9,9,9,0,0,0,0,9,9
SLG,Brandywine Realty Trust,1,1,1,1,1,1,0,1,1,1,1,1,1,1,1,1,0,1,1,1,1,1,1,1,0,0,0,0,1,1
SLG,Cohen & Steers Inc,1,1,1,1,1,1,0,1,1,1,1,0,0,0,1,1,0,1,1,1,1,0,1,1,0,0,0,0,1,1
SLG,SL Green Realty Corp,171,171,171,171,171,5,170,171,171,171,171,149,66,59,171,171,0,171,171,171,171,149,171,171,0,0,0,0,171,171
SLG,Safehold Inc,1,1,1,1,1,1,1,1,1,1,1,1,0,0,1,1,0,1,1,1,1,1,1,1,0,0,0,0,1,1
SLG,Taubman Centers Inc,1,1,1,1,1,1,1,1,1,1,1,1,1,1,1,1,0,1,1,1,1,1,1,1,0,0,0,0,1,1
SLG,Vornado Realty Trust,2,2,2,2,2,2,2,2,2,2,2,2,2,2,2,2,0,2,2,2,2,2,2,2,0,0,0,0,2,2
SPG,Agree Realty Corp,1,1,1,1,1,1,0,1,1,1,1,1,1,1,1,1,0,1,1,1,1,1,1,1,0,0,0,0,1,1
SPG,Brookfield Property REIT Inc,2,2,2,2,2,2,2,2,2,2,2,2,2,2,2,2,0,2,2,2,2,2,2,2,0,0,0,0,2,2
SPG,CBL & Associates Properties Inc,4,4,4,4,4,4,2,4,4,4,4,4,4,4,4,4,0,4,4,4,4,4,4,4,0,0,0,0,4,4
SPG,CubeSmart,1,1,1,1,1,1,0,1,1,1,1,1,1,1,1,1,0,1,1,1,1,1,1,1,0,0,0,0,1,1
SPG,Essential Properties Realty Trust Inc,1,1,1,1,1,1,0,1,1,1,1,1,1,1,1,1,0,1,1,1,1,1,1,1,0,0,0,0,1,1
SPG,Life Storage Inc,1,1,1,1,1,1,0,1,1,1,1,1,1,1,1,1,0,1,1,1,1,1,1,1,0,0,0,0,1,1
SPG,Macerich Co,11,11,11,11,11,11,8,11,11,11,11,11,11,11,11,11,0,11,11,11,11,11,11,11,0,0,0,0,11,11
SPG,RPT Realty,1,1,1,1,1,1,1,1,1,1,1,1,1,1,1,1,0,1,1,1,1,1,1,1,0,0,0,0,1,1
SPG,Simon Property Group Inc,171,171,171,171,171,14,162,171,171,171,171,170,63,63,171,171,0,171,171,171,171,170,171,171,0,0,0,0,171,171
SPG,Taubman Centers Inc,4,4,4,4,4,4,4,4,4,4,4,4,1,1,4,4,0,4,4,4,4,4,4,4,0,0,0,0,4,4
SPG,Washington Prime Group Inc,1,1,1,1,1,1,1,1,1,1,1,1,1,1,1,1,0,1,1,1,1,1,1,1,0,0,0,0,1,1
STE,Applied Industrial Technologies Inc,1,1,1,1,1,1,0,1,1,1,1,1,0,0,1,1,0,1,1,1,1,1,1,1,0,0,0,0,1,1
STE,Aptargroup Inc,1,1,1,1,1,1,0,1,1,1,1,1,0,0,1,1,0,1,1,1,1,1,1,1,0,0,0,0,1,1
STE,Hill-Rom Holdings Inc,1,1,1,1,1,1,0,1,1,1,1,1,1,1,1,1,0,1,1,1,1,1,1,1,0,0,0,0,1,1
STE,John Bean Technologies Corp,1,1,1,1,1,1,0,1,1,1,1,1,0,0,1,1,0,1,1,1,1,1,1,1,0,0,0,0,1,1
STE,Lincoln Electric Holdings Inc,1,1,1,1,1,1,0,1,1,1,1,1,0,0,1,1,0,1,1,1,1,1,1,1,0,0,0,0,1,1
STE,Middleby Corp,1,1,1,1,1,1,0,1,1,1,1,1,0,0,1,1,0,1,1,1,1,1,1,1,0,0,0,0,1,1
STE,Steris plc,64,64,64,64,64,0,64,64,64,64,64,63,25,25,64,64,0,64,64,64,64,63,64,64,0,0,0,0,64,64
STX,Abeona Therapeutics Inc,1,1,1,1,1,1,0,1,1,1,1,0,0,0,1,1,0,1,1,1,1,0,1,1,0,0,0,0,1,1
STX,Aegion Corp,1,1,1,1,1,1,0,1,1,1,1,0,0,0,1,1,0,1,1,1,1,0,1,1,0,0,0,0,1,1
STX,Airgain Inc,1,1,1,1,1,1,0,1,1,1,1,1,1,1,1,1,0,1,1,1,1,1,1,1,0,0,0,0,1,1
STX,Capstone Turbine Corp,1,1,1,1,1,1,0,1,1,1,1,0,0,0,1,1,0,1,1,1,1,0,1,1,0,0,0,0,1,1
STX,Marvell Technology Group Ltd,2,2,2,2,2,2,1,2,2,2,2,2,2,2,2,2,0,2,2,2,2,2,2,2,0,0,0,0,2,2
STX,Seagate Technology PLC,213,213,213,213,213,24,202,213,213,213,213,197,151,128,213,213,0,213,213,213,213,197,213,213,0,0,0,0,213,213
STX,WW International Inc,1,1,1,1,1,1,1,1,1,1,1,1,0,0,1,1,0,1,1,1,1,1,1,1,0,0,0,0,1,1
STX,Western Digital Corp,6,6,6,6,6,6,6,6,6,6,6,5,3,3,6,6,0,6,6,6,6,5,6,6,0,0,0,0,6,6
TEL,Mediwound Ltd,1,1,1,1,1,1,0,1,1,1,1,0,0,0,1,1,0,1,1,1,1,0,1,1,0,0,0,0,1,1
TEL,TE Connectivity Ltd,130,130,130,130,130,10,130,130,130,130,130,124,78,56,130,130,0,130,130,130,130,124,130,130,0,0,0,0,130,130
TFC,Atlantic Union Bankshares Corp,1,1,1,1,1,1,1,1,1,1,1,1,0,0,1,1,0,1,1,1,1,1,1,1,0,0,0,0,1,1
TFC,Carolina Financial Corp,1,1,1,1,1,1,0,1,1,1,1,1,1,1,1,1,0,1,1,1,1,1,1,1,0,0,0,0,1,1
TFC,First Financial Bankshares Inc,1,1,1,1,1,1,1,1,1,1,1,1,1,1,1,1,0,1,1,1,1,1,1,1,0,0,0,0,1,1
TFC,Prosperity Bancshares Inc,1,1,1,1,1,1,1,1,1,1,1,1,1,1,1,1,0,1,1,1,1,1,1,1,0,0,0,0,1,1
TFC,SunTrust Banks Inc,150,150,150,150,150,7,3,150,150,150,150,144,103,83,150,150,0,150,150,150,150,144,150,150,0,0,0,0,150,150
TFC,Truist Financial Corp,156,156,156,156,156,8,156,156,156,156,156,148,109,92,156,156,0,156,156,156,156,148,156,156,0,0,0,0,156,156
TFC,U.S. Bancorp,1,1,1,1,1,1,1,1,1,1,1,1,1,1,1,1,0,1,1,1,1,1,1,1,0,0,0,0,1,1
TT,Atkore International Group Inc,2,2,2,2,2,2,0,2,2,2,2,2,2,2,2,2,0,2,2,2,2,2,2,2,0,0,0,0,2,2
TT,CyrusOne Inc,1,1,1,1,1,1,1,1,1,1,1,1,0,0,1,1,0,1,1,1,1,1,1,1,0,0,0,0,1,1
TT,Dover Corp,3,3,3,3,3,3,0,3,3,3,3,3,3,3,3,3,0,3,3,3,3,3,3,3,0,0,0,0,3,3
TT,Emerson Electric Co,1,1,1,1,1,1,0,1,1,1,1,1,1,1,1,1,0,1,1,1,1,1,1,1,0,0,0,0,1,1
TT,Fortive Corp,1,1,1,1,1,1,0,1,1,1,1,1,1,1,1,1,0,1,1,1,1,1,1,1,0,0,0,0,1,1
TT,Fujitsu General Ltd,1,1,1,1,1,1,1,1,1,1,1,0,0,0,1,1,0,1,1,1,1,0,1,1,0,0,0,0,1,1
TT,General Electric Co,1,1,1,1,1,1,0,1,1,1,1,1,1,1,1,1,0,1,1,1,1,1,1,1,0,0,0,0,1,1
TT,Honeywell International Inc,1,1,1,1,1,1,1,1,1,1,1,1,1,1,1,1,0,1,1,1,1,1,1,1,0,0,0,0,1,1
TT,Hubbell Inc,1,1,1,1,1,1,0,1,1,1,1,1,1,1,1,1,0,1,1,1,1,1,1,1,0,0,0,0,1,1
TT,Ingersoll Rand Inc,1,1,1,1,1,1,1,1,1,1,1,1,1,1,1,1,0,1,1,1,1,1,1,1,0,0,0,0,1,1
TT,Johnson Controls International PLC,3,3,3,3,3,3,2,3,3,3,3,3,2,2,3,3,0,3,3,3,3,3,3,3,0,0,0,0,3,3
TT,Lennox International Inc,5,5,5,5,4,5,5,5,5,5,5,5,5,5,5,5,0,5,5,5,5,5,5,5,0,0,0,0,5,5
TT,Pentair PLC,1,1,1,1,1,1,1,1,1,1,1,1,1,1,1,1,0,1,1,1,1,1,1,1,0,0,0,0,1,1
TT,Raytheon Technologies Corp,1,1,1,1,1,1,0,1,1,1,1,1,1,1,1,1,0,1,1,1,1,1,1,1,0,0,0,0,1,1
TT,Trane Technologies PLC,188,188,188,188,188,5,186,188,188,188,188,180,122,94,188,188,0,188,188,188,188,180,188,188,0,0,0,0,188,188
UDR,UDR Inc,91,91,91,91,91,2,91,91,91,91,91,88,46,46,91,91,0,91,91,91,91,88,91,91,0,0,0,0,91,91
VFC,Columbia Sportswear Co,1,1,1,1,1,0,0,1,1,1,1,1,1,1,1,1,0,1,1,1,1,1,1,1,1,0,0,0,1,1
VFC,Conzzeta AG,1,1,1,1,1,1,1,1,1,1,1,1,0,0,1,1,0,1,1,1,1,1,1,1,1,0,0,0,1,1
VFC,Steven Madden Ltd,1,1,1,1,1,1,1,1,1,1,1,1,1,1,1,1,0,1,1,1,1,1,1,1,1,0,0,0,1,1
VFC,VF Corp,19,19,19,19,19,0,19,19,19,19,19,18,13,13,19,19,0,19,19,19,19,18,19,19,19,0,0,0,19,19
VIAC,AMC Networks Inc,1,1,1,1,1,1,0,1,1,1,1,1,1,1,1,1,0,1,1,1,1,1,1,1,0,0,0,0,1,1
VIAC,Bottomline Technologies (DE) Inc,1,1,1,1,1,1,0,1,1,1,1,1,1,1,1,1,0,1,1,1,1,1,1,1,0,0,0,0,1,1
VIAC,Capital Bancorp Inc,1,1,1,1,1,1,0,1,1,1,1,0,0,0,1,1,0,1,1,1,1,0,1,1,0,0,0,0,1,1
VIAC,Entercom Communications Corp,1,1,1,1,1,1,1,1,1,1,1,1,1,1,1,1,0,1,1,1,1,1,1,1,0,0,0,0,1,1
VIAC,Gannett Media Corp,1,1,1,1,1,1,1,1,1,1,1,1,1,1,1,1,0,1,1,1,1,1,1,1,0,0,0,0,1,1
VIAC,Gray Television Inc,1,1,1,1,1,1,1,1,1,1,1,1,1,1,1,1,0,1,1,1,1,1,1,1,0,0,0,0,1,1
VIAC,Lions Gate Entertainment Corp,1,1,1,1,1,1,1,1,1,1,1,1,1,1,1,1,0,1,1,1,1,1,1,1,0,0,0,0,1,1
VIAC,New York Times Co,1,1,1,1,1,1,0,1,1,1,1,1,1,1,1,1,0,1,1,1,1,1,1,1,0,0,0,0,1,1
VIAC,Roku Inc,1,1,1,1,1,1,1,1,1,1,1,1,1,1,1,1,0,1,1,1,1,1,1,1,0,0,0,0,1,1
VIAC,Seven West Media Ltd,4,4,4,4,4,4,4,4,4,4,4,4,3,2,4,4,0,4,4,4,4,4,4,4,0,0,0,0,4,4
VIAC,Tegna Inc,1,1,1,1,1,1,1,1,1,1,1,1,1,1,1,1,0,1,1,1,1,1,1,1,0,0,0,0,1,1
VIAC,Tribune Media Co,1,1,1,1,1,1,1,1,1,1,1,1,1,1,1,1,0,1,1,1,1,1,1,1,0,0,0,0,1,1
VIAC,Viacom Inc,16,16,16,16,16,14,8,16,16,16,16,15,11,11,16,16,0,16,16,16,16,15,16,16,0,0,0,0,16,16
VIAC,ViacomCBS Inc,142,142,142,142,142,16,142,142,142,142,142,140,99,89,142,142,0,142,142,142,142,140,142,142,0,0,0,0,142,142
VNO,Alexander's Inc,5,5,5,5,5,5,5,5,5,5,5,5,0,5,5,5,0,5,5,5,5,5,5,5,0,0,0,0,5,5
VNO,Eastgroup Properties Inc,1,1,1,1,1,1,1,1,1,1,1,1,1,1,1,1,0,1,1,1,1,1,1,1,0,0,0,0,1,1
VNO,Mack-Cali Realty Corp,1,1,1,1,1,1,0,1,1,1,1,1,1,1,1,1,0,1,1,1,1,1,1,1,0,0,0,0,1,1
VNO,Paramount Group Inc,2,2,2,2,2,2,0,2,2,2,2,2,2,2,2,2,0,2,2,2,2,2,2,2,0,0,0,0,2,2
VNO,Taubman Centers Inc,1,1,1,1,1,1,1,1,1,1,1,1,1,1,1,1,0,1,1,1,1,1,1,1,0,0,0,0,1,1
VNO,Vornado Realty Trust,101,101,101,101,101,1,101,101,101,101,101,94,50,44,101,101,0,101,101,101,101,94,101,101,0,0,0,0,101,101
VTR,Capital Senior Living Corp,1,1,1,1,1,1,1,1,1,1,1,1,0,0,1,1,0,1,1,1,1,1,1,1,0,0,0,0,1,1
VTR,Celgene Corp,1,1,1,1,1,1,1,1,1,1,1,1,0,0,1,1,0,1,1,1,1,1,1,1,0,0,0,0,1,1
VTR,Diversified Healthcare Trust,1,1,1,1,0,1,1,1,1,1,1,1,1,1,1,1,0,1,1,1,1,1,1,1,0,0,0,0,1,1
VTR,Medical Properties Trust Inc,1,1,1,1,1,1,0,1,1,1,1,1,1,1,1,1,0,1,1,1,1,1,1,1,0,0,0,0,1,1
VTR,National Health Investors Inc,1,1,1,1,1,1,1,1,1,1,1,1,1,1,1,1,0,1,1,1,1,1,1,1,0,0,0,0,1,1
VTR,Ventas Inc,118,118,118,118,118,1,118,118,118,118,118,118,47,47,118,118,0,118,118,118,118,118,118,118,0,0,0,0,118,118
VTR,Welltower Inc,4,4,4,4,4,4,4,4,4,4,4,4,3,3,4,4,0,4,4,4,4,4,4,4,0,0,0,0,4,4
WELL,Brookdale Senior Living Inc,1,1,1,1,1,1,0,1,1,1,1,1,1,1,1,1,0,1,1,1,1,1,1,1,0,0,0,0,1,1
WELL,Capital Senior Living Corp,1,1,1,1,1,1,1,1,1,1,1,1,0,0,1,1,0,1,1,1,1,1,1,1,0,0,0,0,1,1
WELL,Genesis Healthcare Inc,3,3,3,3,3,3,3,3,3,3,3,3,1,1,3,3,0,3,3,3,3,3,3,3,0,0,0,0,3,3
WELL,Welltower Inc,123,123,123,123,123,2,122,123,123,123,123,122,46,46,123,123,0,123,123,123,123,122,123,123,0,0,0,0,123,123
WLTW,Arch Capital Group Ltd,1,1,1,1,1,1,1,1,1,1,1,1,1,1,1,1,0,1,1,1,1,1,1,1,0,0,0,0,1,1
WLTW,Primerica Inc,1,1,1,1,1,1,1,1,1,1,1,1,1,1,1,1,0,1,1,1,1,1,1,1,0,0,0,0,1,1
WLTW,ProAssurance Corp,1,1,1,1,1,1,1,1,1,1,1,1,1,1,1,1,0,1,1,1,1,1,1,1,0,0,0,0,1,1
WLTW,Willis Towers Watson PLC,155,155,155,155,155,2,155,155,155,155,155,144,82,64,155,155,0,155,155,155,155,144,155,155,0,0,0,0,155,155
WLTW,eHealth Inc,1,1,1,1,1,1,1,1,1,1,1,1,1,1,1,1,0,1,1,1,1,1,1,1,0,0,0,0,1,1
WY,Acadian Timber Corp,1,1,1,1,1,1,1,1,1,1,1,1,1,1,1,1,0,1,1,1,1,1,1,1,0,0,0,0,1,1
WY,DMC Global Inc,1,1,1,1,1,1,0,1,1,1,1,0,0,0,1,1,0,1,1,1,1,0,1,1,0,0,0,0,1,1
WY,Louisiana-Pacific Corp,3,3,3,3,3,3,1,3,3,3,3,3,3,3,3,3,0,3,3,3,3,3,3,3,0,0,0,0,3,3
WY,Norbord Inc,1,1,1,1,1,1,1,1,1,1,1,1,1,1,1,1,0,1,1,1,1,1,1,1,0,0,0,0,1,1
WY,Rayonier Inc,2,2,2,2,2,2,2,2,2,2,2,2,2,2,2,2,0,2,2,2,2,2,2,2,0,0,0,0,2,2
WY,Weyerhaeuser Co,91,91,91,91,91,1,91,91,91,91,91,91,58,29,91,91,0,91,91,91,91,91,91,91,0,0,0,0,91,91
